Brand,Model Name,Model Image,Technology,2G bands,GPRS,EDGE,Announced,Status,Dimensions,Weight,SIM,,Type,Size,Resolution,OS,Chipset,CPU,Card slot,Internal,Single,Video,Single_1,Video_1,Loudspeaker,3.5mm jack,WLAN,Bluetooth,GPS,Radio,USB,Sensors,_1,Talk time,Colors,Price,3G bands,4G bands,Speed,GPU,Features,_1_1,Features_1,Stand-by,Performance,Display,Camera,Loudspeaker_1,Audio quality,Battery life,Protection,Charging,NFC,SAR EU,Music play,SAR,Browser,Keyboard
acer,Acer Chromebook Tab 10,https://cdn2.gsmarena.com/vv/bigpic/acer-chromebook-tab-10.jpg,No cellular connectivity,N/A,No,No,"2018, March","Available. Released 2018, July",238.3 x 172.2 x 9.9 mm (9.38 x 6.78 x 0.39 in),544.3 g (1.20 lb),No,Stylus,"IPS LCD capacitive touchscreen, 16M colors","9.7 inches, 291.4 cm2 (~71.0% screen-to-body ratio)","1536 x 2048 pixels, 4:3 ratio (~264 ppi density)",Chrome OS,Rockchip RK3399,Hexa-core (4x Cortex-A53 & 2x Cortex-A72),"microSD, up to 128 GB","32 GB, 4 GB RAM",5 MP,720p,2 MP,,"Yes, with stereo speakers",Yes,"Wi-Fi 802.11 b/g/n/ac, dual-band, WiFi Direct","4.1, A2DP, LE",,No,"3.1, Type-C 1.0 reversible connector",Accelerometer,Non-removable Li-Po 4500 mAh battery (34 Wh),Up to 9 h (multimedia),"Black, Blue",About 330 EUR,,,,,,,,,,,,,,,,,,,,,,
acer,Acer Iconia Talk S,https://cdn2.gsmarena.com/vv/bigpic/acer-iconia-talk-s.jpg,GSM / HSPA / LTE,GSM 850 / 900 / 1800 / 1900 - SIM 1 & SIM 2,Yes,Yes,"2016, August","Available. Released 2016, October",191.7 x 101 x 9.4 mm (7.55 x 3.98 x 0.37 in),260 g (9.17 oz),Dual SIM (Micro-SIM/Nano-SIM),"LTE band 3(1800), 7(2600), 8(900), 28(700)","IPS LCD capacitive touchscreen, 16M colors","7.0 inches, 135.1 cm2 (~69.8% screen-to-body ratio)","720 x 1280 pixels, 16:9 ratio (~210 ppi density)",Android 6.0 (Marshmallow),Mediatek MT8735,Quad-core 1.3 GHz Cortex-A53,"microSD, up to 128 GB (dedicated slot)","16/32 GB, 2 GB RAM","13 MP, AF",1080p@30fps,2 MP,720p,Yes,Yes,"Wi-Fi 802.11 a/b/g/n, Wi-Fi Direct, hotspot","4.0, A2DP","Yes, with A-GPS, GLONASS",FM radio,microUSB 2.0,"Accelerometer, proximity",DTS HD sound,Up to 9 h (multimedia),Black,About 170 EUR,HSDPA 850 / 1900 / 2100,"LTE band 1(2100), 3(1800), 7(2600), 8(900), 20(800)","HSPA 42.2/11.5 Mbps, LTE Cat4 150/50 Mbps",Mali-T720MP2,"HDR, panorama",Non-removable Li-Ion 3400 mAh battery (12.92 Wh),,,,,,,,,,,,,,,,
acer,Acer Liquid Z6 Plus,https://cdn2.gsmarena.com/vv/bigpic/acer-liquid-z6-plus.jpg,GSM / HSPA / LTE,GSM 850 / 900 / 1800 / 1900 - SIM 1 & SIM 2 (dual-SIM model only),Yes,Yes,"2016, August","Available. Released 2016, December",153.8 x 75.6 x 8.5 mm (6.06 x 2.98 x 0.33 in),169 g (5.96 oz),"Single SIM (Micro-SIM) or Hybrid Dual SIM (Micro-SIM, dual stand-by)",Non-removable Li-Po 4080 mAh battery,"IPS LCD capacitive touchscreen, 16M colors","5.5 inches, 83.4 cm2 (~71.7% screen-to-body ratio)","1080 x 1920 pixels, 16:9 ratio (~401 ppi density)",Android 6.0 (Marshmallow),Mediatek MT6753 (28 nm),Octa-core 1.3 GHz Cortex-A53,"microSD, up to 256 GB (uses SIM 2 slot)","32 GB, 3 GB RAM","13 MP, AF",1080p@30fps,5 MP,,Yes,Yes,"Wi-Fi 802.11 b/g/n, Wi-Fi Direct, hotspot","4.0, A2DP","Yes, with A-GPS",FM radio,microUSB 2.0,"Fingerprint (front-mounted), accelerometer, proximity",,,"Black, White",About 250 EUR,HSDPA,LTE,"HSPA 42.2/5.76 Mbps, LTE Cat4 150/50 Mbps",Mali-T720MP3,"LED flash, HDR, panorama",,,,,,,,,,,,,,,,,
acer,Acer Liquid Z6,https://cdn2.gsmarena.com/vv/bigpic/acer-liquid-z6.jpg,GSM / HSPA / LTE,GSM 850 / 900 / 1800 / 1900 - SIM 1 & SIM 2 (dual-SIM model only),Yes,Yes,"2016, August","Available. Released 2016, December",145.5 x 72.5 x 8.5 mm (5.73 x 2.85 x 0.33 in),126 g (4.44 oz),"Single SIM (Micro-SIM) or Dual SIM (Micro-SIM, dual stand-by)",Removable Li-Ion 2000 mAh battery,"IPS LCD capacitive touchscreen, 16M colors","5.0 inches, 68.9 cm2 (~65.3% screen-to-body ratio)","720 x 1280 pixels, 16:9 ratio (~294 ppi density)",Android 6.0 (Marshmallow),Mediatek MT6737 (28 nm),Quad-core 1.25 GHz Cortex-A53,"microSD, up to 256 GB","8 GB, 1 GB RAM","8 MP, AF",Yes,2 MP,,Yes,Yes,"Wi-Fi 802.11 b/g/n, hotspot","4.0, A2DP","Yes, with A-GPS",FM radio,microUSB 2.0,"Accelerometer, proximity",,,"Black, White",About 120 EUR,HSDPA,LTE,"HSPA, LTE",Mali-T720MP2,"LED flash, HDR, panorama",,,,,,,,,,,,,,,,,
acer,Acer Iconia Tab 10 A3-A40,https://cdn2.gsmarena.com/vv/bigpic/acer-iconia-tab-10-a3-a40.jpg,No cellular connectivity,N/A,No,No,"2016, April","Available. Released 2016, June",259 x 167 x 8.9 mm (10.20 x 6.57 x 0.35 in),-,No,DTS HD sound,"IPS LCD capacitive touchscreen, 16M colors","10.1 inches, 295.8 cm2 (~68.4% screen-to-body ratio)","1920 x 1200 pixels, 16:10 ratio (~224 ppi density)",Android 6.0 (Marshmallow),Mediatek MT8163A,Quad-core 1.3 GHz Cortex-A53,"microSD, up to 256 GB (dedicated slot)","16/32/64 GB, 2 GB RAM",5 MP,1080p@30fps,2 MP,,"Yes, with stereo speakers (4 speakers)",Yes,"Wi-Fi 802.11 a/b/g/n/ac, dual-band, hotspot","4.0, A2DP",,No,microUSB 2.0,Accelerometer,HDMI,,Black,About 230 EUR,,,,Mali-T720 MP2,,Non-removable Li-Ion 6100 mAh battery,,,,,,,,,,,,,,,,
acer,Acer Liquid X2,https://cdn2.gsmarena.com/vv/bigpic/acer-liquid-x2-1.jpg,GSM / HSPA / LTE,GSM 850 / 900 / 1800 / 1900,Yes,Yes,"2015, April","Available. Released 2016, February",153.3 x 78.8 x 8.5 mm (6.04 x 3.10 x 0.33 in),166 g (5.86 oz),Triple SIM (Micro-SIM),HSDPA 850 / 1700(AWS) / 1900 - PA,"IPS LCD capacitive touchscreen, 16M colors","5.5 inches, 83.4 cm2 (~69.0% screen-to-body ratio)","720 x 1280 pixels, 16:9 ratio (~267 ppi density)",Android 5.1 (Lollipop),Mediatek MT6753 (28 nm),Octa-core 1.3 GHz Cortex-A53,"microSD, up to 32 GB (dedicated slot)","32 GB, 3 GB RAM","13 MP, AF, f/1.8",1080p@30fps,"13 MP, f/1.8, AF",,Yes,Yes,"Wi-Fi 802.11 b/g/n, hotspot","4.0, A2DP, LE","Yes, with A-GPS",FM radio,microUSB 2.0,"Accelerometer, proximity, compass",LTE 700 / 900 / 1800 - Taiwan,Up to 23 h (3G),"Black, Gold",About 230 EUR,"HSDPA 900 / 1900 / 2100 - Europe, Taiwan",LTE 800 / 1800 / 2100 / 2600 - Europe,"HSPA 42.2/5.76 Mbps, LTE Cat4 150/50 Mbps",Mali-T720MP4,LED flash,Removable Li-Po 4020 mAh battery,LED flash,Up to 820 h (3G),Basemark OS II: 894 / Basemark OS II 2.0: 825Basemark X: 4300,"Contrast ratio: 950 (nominal), 2.084 (sunlight)",Photo / Video,Voice 61dB / Noise 62dB / Ring 67dB,Noise -86.1dB / Crosstalk -88.1dB,Endurance rating 85h,,,,,,,,
acer,Acer Liquid Jade 2,https://cdn2.gsmarena.com/vv/bigpic/acer-liquid-jade-2.jpg,GSM / HSPA / LTE,GSM 850 / 900 / 1800 / 1900 - SIM 1 & SIM 2,Yes,Yes,"2016, February",Available,156.6 x 75.9 x 8.4 mm (6.17 x 2.99 x 0.33 in),150 g (5.29 oz),"Dual SIM (Nano-SIM, dual stand-by)",DTS sound,"Super AMOLED capacitive touchscreen, 16M colors","5.5 inches, 83.4 cm2 (~70.2% screen-to-body ratio)","1080 x 1920 pixels, 16:9 ratio (~401 ppi density)",Android 6.0 (Marshmallow),Qualcomm MSM8992 Snapdragon 808 (20 nm),Hexa-core (4x1.4 GHz Cortex-A53 & 2x1.8 GHz Cortex-A57),"microSD, up to 256 GB","32 GB, 3 GB RAM","21 MP, AF","2160p@30fps, 1080p@30fps",8 MP,1080p@30fps,Yes,Yes,"Wi-Fi 802.11 a/b/g/n/ac, dual-band, Wi-Fi Direct, hotspot","4.0, A2DP, LE","Yes, with A-GPS",FM radio,microUSB 2.0,"Accelerometer, gyro, proximity, compass",Non-removable Li-Po 3000 mAh battery,,Black,,HSDPA 900 / 2100,LTE,"HSPA 42.2/5.76 Mbps, LTE Cat4 150/50 Mbps",Adreno 418,"Dual-LED flash, HDR, panorama",,,,,,,,,,Corning Gorilla Glass 4,,,,,,,
acer,Acer Liquid Zest Plus,https://cdn2.gsmarena.com/vv/bigpic/acer-liquid-zest-plus-z628.jpg,GSM / HSPA / LTE,GSM 850 / 900 / 1800 / 1900 - SIM 1 & SIM 2 (dual-SIM model only),Yes,Yes,"2016, April","Available. Released 2016, July",154 x 77 x 10 mm (6.06 x 3.03 x 0.39 in),-,"Single SIM (Micro-SIM) or Dual SIM (Micro-SIM, dual stand-by)",DTS HD sound Active noise cancellation with dedicated mic,"IPS LCD capacitive touchscreen, 16M colors","5.5 inches, 83.4 cm2 (~70.3% screen-to-body ratio)","720 x 1280 pixels, 16:9 ratio (~267 ppi density)",Android 6.0 (Marshmallow),Mediatek MT6735 (28 nm),Quad-core 1.3 GHz Cortex-A53,microSD (dedicated slot),"16 GB, 2 GB RAM","13 MP, PDAF & laser AF",1080p@30fps,5 MP,,Yes,Yes,"Wi-Fi 802.11 b/g/n, hotspot","4.0, A2DP","Yes, with A-GPS",FM radio,microUSB 2.0,"Accelerometer, proximity, compass",Non-removable Li-Ion 5000 mAh battery,,"Blue, White",About 200 EUR,HSDPA,LTE,"HSPA, LTE",Mali-T720MP2,"LED flash, HDR, panorama",,,,,,,,,,,Fast battery charging 10W,,,,,,
acer,Acer Liquid Zest,https://cdn2.gsmarena.com/vv/bigpic/acer-zest.jpg,GSM / HSPA / LTE,GSM 850 / 900 / 1800 / 1900 - SIM 1 & SIM 2 (dual-SIM model only),Yes,Yes,"2016, February","Available. Released 2016, April",145.7 x 71.2 x 8.4 mm (5.74 x 2.80 x 0.33 in),125 g (4.41 oz),"Single SIM (Micro-SIM) or Dual SIM (Micro-SIM, dual stand-by)",DTS HD sound,"IPS LCD capacitive touchscreen, 16M colors","5.0 inches, 68.9 cm2 (~66.4% screen-to-body ratio)","720 x 1280 pixels, 16:9 ratio (~294 ppi density)",Android 6.0 (Marshmallow),Mediatek MT6580 - Z525Mediatek MT6735 - Z525,Quad-core 1.3 GHz - Z525Quad-core 1.0 GHz - Z528,"microSD, up to 32 GB (dedicated slot)","8 GB, 1 GB RAM","8 MP, AF, f/2.0",1080p@30fps,5 MP,,Yes,Yes,"Wi-Fi 802.11 b/g/n, hotspot","4.0, A2DP","Yes, with A-GPS",FM radio,microUSB 2.0,"Accelerometer, proximity, compass",Removable Li-Ion 2000 mAh battery,,"Black, White",About 110 EUR,HSDPA 850 / 900 / 1900 / 2100,LTE,"HSPA, LTE Cat4 150/50 Mbps",Mali-400MP2 - Z525Mali-T720MP2 - Z528,"LED flash, HDR, panorama",,,,,,,,,,,,,,,,,
acer,Acer Predator 8,https://cdn2.gsmarena.com/vv/bigpic/acer-predator-8.jpg,No cellular connectivity,N/A,No,No,"2015, September","Available. Released 2015, November",217.9 x 127 x 8.6 mm (8.58 x 5.0 x 0.34 in),353.8 g (12.49 oz),No,Non-removable Li-Po 4420 mAh battery,"IPS LCD capacitive touchscreen, 16M colors","8.0 inches, 185.6 cm2 (~67.1% screen-to-body ratio)","1920 x 1200 pixels, 16:10 ratio (~283 ppi density)",Android 5.0 (Lollipop),Intel Atom x7-Z8700,Quad-core 1.6 GHz,"microSD, up to 256 GB (dedicated slot)","32/64 GB, 2 GB RAM",5 MP,1080p@30fps,2 MP,,"Yes, with stereo speakers (4 speakers)",Yes,Wi-Fi 802.11 a/b/g/n,"4.0, A2DP, LE",,No,microUSB 2.0,Yes,,Up to 8 h 30 min,Black/Silver,About 350 EUR,,,,,,,,,,,,,,,,,,,,,,
acer,Acer Liquid Jade Primo,https://cdn2.gsmarena.com/vv/bigpic/acer-liquid-jade-primo-.jpg,GSM / HSPA / LTE,GSM 850 / 900 / 1800 / 1900 - SIM 1 & SIM 2,Yes,Yes,"2015, September","Available. Released 2016, April",156.5 x 75.9 x 8.4 mm (6.16 x 2.99 x 0.33 in),150 g (5.29 oz),"Hybrid Dual SIM (Nano-SIM, dual stand-by)",HSDPA 850 / 1700(AWS) / 1900 / 2100 - USA,"AMOLED capacitive touchscreen, 16M colors","5.5 inches, 83.4 cm2 (~70.2% screen-to-body ratio)","1080 x 1920 pixels, 16:9 ratio (~401 ppi density)",Microsoft Windows 10,Qualcomm MSM8992 Snapdragon 808 (20 nm),Hexa-core (4x1.4 GHz Cortex-A53 & 2x1.8 GHz Cortex-A57),"microSD, up to 256 GB (uses SIM 2 slot)","32 GB, 3 GB RAM","21 MP, AF, f/2.2","2160p@30fps, 1080p@30fps","8 MP, f/2.2",1080p@30fps,Yes,Yes,"Wi-Fi 802.11 a/b/g/n/ac, dual-band, WiFi Direct, hotspot","4.0, A2DP, LE, EDR","Yes, with A-GPS",FM radio,"3.1, Type-C 1.0 reversible connector","Accelerometer, gyro, proximity, compass",LTE 900 / 1800 / 2600 - Taiwan,Up to 20 h (3G),Black,About 220 EUR,HSDPA 850 / 900 / 1900 / 2100 - Europe/ Taiwan,LTE 800 / 1800 / 2100 / 2600 - Europe,"HSPA 42.2/5.76 Mbps, LTE-A (2CA) Cat6 300/50 Mbps",Adreno 418,"Dual-LED flash, HDR, panorama",Non-removable Li-Po 2870 mAh battery,,Up to 330 h (3G),,,Photo / Video,,,Endurance rating 56h,Corning Gorilla Glass (unspecified version),,,,,,,
acer,Acer Liquid Z330,https://cdn2.gsmarena.com/vv/bigpic/acer-liquid-z320-z330.jpg,GSM / HSPA / LTE,GSM 850 / 900 / 1800 / 1900 - SIM 1 & SIM 2 (dual-SIM model only),Yes,Yes,"2015, September","Available. Released 2015, October",136 x 66.5 x 9.6 mm (5.35 x 2.62 x 0.38 in),142 g (5.01 oz),"Single SIM (Micro-SIM) or Dual SIM (Micro-SIM, dual stand-by)",DTS sound,"IPS LCD capacitive touchscreen, 16M colors","4.5 inches, 55.8 cm2 (~61.7% screen-to-body ratio)","480 x 854 pixels, 16:9 ratio (~218 ppi density)",Android 5.1 (Lollipop),Qualcomm MSM8909 Snapdragon 210 (28 nm),Quad-core 1.1 GHz Cortex-A7,microSD (dedicated slot),"8 GB, 1 GB RAM","5 MP, AF",Yes,5 MP,,Yes,Yes,"Wi-Fi 802.11 b/g/n, hotspot","4.0, A2DP","Yes, with A-GPS",FM radio,microUSB 2.0,"Accelerometer, proximity",Removable Li-Ion 2000 mAh battery,Up to 11 h,"Mystic Black, Pure White",About 110 EUR,HSDPA,LTE,"HSPA, LTE",Adreno 304,LED flash,,,Up to 430 h,,,,,,,,,,,,,,
acer,Acer Liquid Z320,https://cdn2.gsmarena.com/vv/bigpic/acer-liquid-z320-z330.jpg,GSM / HSPA,GSM 850 / 900 / 1800 / 1900 - SIM 1 & SIM 2 (dual-SIM model only),Yes,Yes,"2015, September","Available. Released 2015, November",136 x 66.5 x 9.6 mm (5.35 x 2.62 x 0.38 in),142 g (5.01 oz),"Single SIM (Micro-SIM) or Dual SIM (Micro-SIM, dual stand-by)",DTS sound,"IPS LCD capacitive touchscreen, 16M colors","4.5 inches, 55.8 cm2 (~61.7% screen-to-body ratio)","480 x 854 pixels, 16:9 ratio (~218 ppi density)",Android 5.1 (Lollipop),Qualcomm MSM8909 Snapdragon 210 (28 nm),Quad-core 1.0 GHz Cortex-A7,microSD (dedicated slot),"8 GB, 1 GB RAM","5 MP, AF",Yes,2 MP,,Yes,Yes,"Wi-Fi 802.11 b/g/n, hotspot","4.0, A2DP","Yes, with A-GPS",FM radio,microUSB 2.0,"Accelerometer, proximity",Removable Li-Po 2000 mAh battery,,Pure White,About 90 EUR,HSDPA,,HSPA 42.2/5.76 Mbps,Adreno 304,LED flash,,,,,,,,,,,,,,,,,
acer,Acer Liquid Z630S,https://cdn2.gsmarena.com/vv/bigpic/acer-liquid-z630.jpg,GSM / HSPA / LTE,GSM 850 / 900 / 1800 / 1900 - SIM 1 & SIM 2 (dual-SIM model only),Yes,Yes,"2015, September","Available. Released 2015, September",156.3 x 77.5 x 8.9 mm (6.15 x 3.05 x 0.35 in),165 g (5.82 oz),"Single SIM (Micro-SIM) or Dual SIM (Micro-SIM, dual stand-by)",DTS sound Active noise cancellation with dedicated mic,"IPS LCD capacitive touchscreen, 16M colors","5.5 inches, 83.4 cm2 (~68.8% screen-to-body ratio)","720 x 1280 pixels, 16:9 ratio (~267 ppi density)",Android 5.1 (Lollipop),Mediatek MT6753 (28 nm),Octa-core 1.3 GHz Cortex-A53,microSD (dedicated slot),"32 GB, 3 GB RAM","8 MP, AF",1080p@30fps,8 MP,,Yes,Yes,"Wi-Fi 802.11 b/g/n, hotspot","4.0, A2DP","Yes, with A-GPS",FM radio,"microUSB 2.0, USB On-The-Go","Accelerometer, proximity, compass",Removable Li-Po 4000 mAh battery (15.2 Wh),,"Black, Gold",,HSDPA 900 / 1900 / 2100,LTE,"HSPA, LTE",Mali-T720MP3,"LED flash, HDR, panorama",,,,,,,,,,,,,,,,,
acer,Acer Liquid Z630,https://cdn2.gsmarena.com/vv/bigpic/acer-liquid-z630.jpg,GSM / HSPA / LTE,GSM 850 / 900 / 1800 / 1900 - SIM 1 & SIM 2 (dual-SIM model only),Yes,Yes,"2015, September","Available. Released 2015, September",156.3 x 77.5 x 8.9 mm (6.15 x 3.05 x 0.35 in),165 g (5.82 oz),"Single SIM (Micro-SIM) or Dual SIM (Micro-SIM, dual stand-by)",Removable Li-Ion 4000 mAh battery,"IPS LCD capacitive touchscreen, 16M colors","5.5 inches, 83.4 cm2 (~68.8% screen-to-body ratio)","720 x 1280 pixels, 16:9 ratio (~267 ppi density)",Android 5.1 (Lollipop),Mediatek MT6735 (28 nm),Quad-core 1.3 GHz Cortex-A53,microSD (dedicated slot),"8 GB, 1 GB RAM16 GB, 2 GB RAM","8 MP, AF",Yes,8 MP,,Yes,Yes,"Wi-Fi 802.11 b/g/n, hotspot","4.0, A2DP","Yes, with A-GPS",FM radio,"microUSB 2.0, USB On-The-Go","Accelerometer, proximity, compass",,Up to 22 h,Black,About 200 EUR,HSDPA,LTE,"HSPA, LTE",Mali-T720MP2,"LED flash, HDR, panorama",,,Up to 1030 h,,,,,,,,,,,,,,
acer,Acer Liquid Z530S,https://cdn2.gsmarena.com/vv/bigpic/acer-liquid-z530.jpg,GSM / HSPA / LTE,GSM 850 / 900 / 1800 / 1900 - SIM 1 & SIM 2 (dual-SIM model only),Yes,Yes,"2015, September","Available. Released 2015, November",144 x 70.3 x 8.9 mm (5.67 x 2.77 x 0.35 in),145 g (5.11 oz),"Single SIM (Micro-SIM) or Dual SIM (Micro-SIM, dual stand-by)",Removable Li-Ion 2420 mAh battery,"IPS LCD capacitive touchscreen, 16M colors","5.0 inches, 68.9 cm2 (~68.1% screen-to-body ratio)","720 x 1280 pixels, 16:9 ratio (~294 ppi density)",Android 5.1 (Lollipop),Mediatek MT6753 (28 nm),Octa-core 1.3 GHz Cortex-A53,microSD (dedicated slot),"32 GB, 3 GB RAM","8 MP, AF",Yes,8 MP,,Yes,Yes,"Wi-Fi 802.11 b/g/n, hotspot","4.0, A2DP","Yes, with A-GPS",FM radio,microUSB 2.0,"Accelerometer, proximity",,,"Black, White",,HSDPA,LTE,"HSPA, LTE",Mali-T720MP3,"LED flash, HDR, panorama",,,,,,,,,,,,,,,,,
acer,Acer Liquid Z530,https://cdn2.gsmarena.com/vv/bigpic/acer-liquid-z530.jpg,GSM / HSPA / LTE,GSM 850 / 900 / 1800 / 1900 - SIM 1 & SIM 2 (dual-SIM model only),Yes,Yes,"2015, September","Available. Released 2015, October",144 x 70.3 x 8.9 mm (5.67 x 2.77 x 0.35 in),145 g (5.11 oz),"Single SIM (Micro-SIM) or Dual SIM (Micro-SIM, dual stand-by)",Removable Li-Ion 2420 mAh battery,"IPS LCD capacitive touchscreen, 16M colors","5.0 inches, 68.9 cm2 (~68.1% screen-to-body ratio)","720 x 1280 pixels, 16:9 ratio (~294 ppi density)",Android 5.1 (Lollipop),Mediatek MT6735 (28 nm),Quad-core 1.3 GHz Cortex-A53,microSD (dedicated slot),"8 GB, 1 GB RAM16 GB, 2 GB RAM","8 MP, AF",Yes,8 MP,,Yes,Yes,"Wi-Fi 802.11 b/g/n, hotspot","4.0, A2DP","Yes, with A-GPS",FM radio,microUSB 2.0,"Accelerometer, proximity",,,"Black, White",About 150 EUR,HSDPA,LTE,"HSPA, LTE",Mali-T720MP2,"LED flash, HDR, panorama",,,,,,,,,,,,,,,,,
acer,Acer Liquid M330,https://cdn2.gsmarena.com/vv/bigpic/acer-liquid-m320-m330.jpg,GSM / HSPA / LTE,GSM 850 / 900 / 1800 / 1900 - SIM 1 & SIM 2 (dual-SIM model only),Yes,Yes,"2015, September","Available. Released 2015, November",136 x 66.5 x 9.6 mm (5.35 x 2.62 x 0.38 in),142 g (5.01 oz),"Single SIM (Micro-SIM) or Dual SIM (Micro-SIM, dual stand-by)",Removable Li-Ion 2000 mAh battery,"IPS LCD capacitive touchscreen, 16M colors","4.5 inches, 55.8 cm2 (~61.7% screen-to-body ratio)","480 x 854 pixels, 16:9 ratio (~218 ppi density)",Microsoft Windows 10,Qualcomm MSM8909 Snapdragon 210 (28 nm),Quad-core 1.0 GHz Cortex-A7,microSD (dedicated slot),"8 GB, 1 GB RAM","5 MP, AF",Yes,5 MP,,Yes,Yes,"Wi-Fi 802.11 b/g/n, hotspot","4.0, A2DP","Yes, with A-GPS",FM radio,microUSB 2.0,"Accelerometer, proximity",,,"Mystic Black, Pure White",,HSDPA,LTE,"HSPA, LTE",Adreno 304,LED flash,,,,,,,,,,,,,,,,,
acer,Acer Liquid M320,https://cdn2.gsmarena.com/vv/bigpic/acer-liquid-m320-m330.jpg,GSM / HSPA,GSM 850 / 900 / 1800 / 1900 - SIM 1 & SIM 2 (dual-SIM model only),Yes,Yes,"2015, September","Available. Released 2015, November",136 x 66.5 x 9.6 mm (5.35 x 2.62 x 0.38 in),142 g (5.01 oz),"Single SIM (Micro-SIM) or Dual SIM (Micro-SIM, dual stand-by)",Removable Li-Ion 2000 mAh battery,"IPS LCD capacitive touchscreen, 16M colors","4.5 inches, 55.8 cm2 (~61.7% screen-to-body ratio)","480 x 854 pixels, 16:9 ratio (~218 ppi density)",Microsoft Windows 10,Qualcomm MSM8909 Snapdragon 210 (28 nm),Quad-core 1.1 GHz Cortex-A7,microSD (dedicated slot),"8 GB, 1 GB RAM","5 MP, AF",Yes,2 MP,,Yes,Yes,"Wi-Fi 802.11 b/g/n, hotspot","4.0, A2DP","Yes, with A-GPS",FM radio,microUSB 2.0,"Accelerometer, proximity",,,"Mystic Black, Pure White",,HSDPA,,HSPA 42.2/5.76 Mbps,Adreno 304,LED flash,,,,,,,,,,,,,,,,,
acer,Acer Iconia Tab 10 A3-A30,https://cdn2.gsmarena.com/vv/bigpic/acer-iconia-tab-10-a3-a30-new.png,No cellular connectivity,N/A,No,No,"2015, April","Available. Released 2015, June",260 x 176 x 9.7 mm (10.24 x 6.93 x 0.38 in),540 g (1.19 lb),No,Dolby Digital Plus audio enhancement,"LED-backlit IPS LCD capacitive touchscreen, 16M colors","10.1 inches, 295.8 cm2 (~64.6% screen-to-body ratio)","1920 x 1200 pixels, 16:10 ratio (~224 ppi density)",Android 5.0 (Lollipop),Intel Atom Z3735F,Quad-core 1.33 GHz,"microSD, up to 256 GB (dedicated slot)","16/32/64 GB, 2 GB RAM",5 MP,1080p@30fps,2 MP,,"Yes, with stereo speakers",Yes,"Wi-Fi 802.11 a/b/g/n/ac, dual-band, hotspot","4.0, A2DP",A-GPS only,No,microUSB 2.0,Accelerometer,Non-removable Li-Ion 5910 mAh battery (22 Wh),Up to 7 h 30 min (multimedia),Black,About 250 EUR,,,,,,,,,,,,,,,"Corning Gorilla Glass 4, oleophobic coating",,Yes,,,,,
acer,Acer Iconia One 8 B1-820,https://cdn2.gsmarena.com/vv/bigpic/acer-iconia-one-8-b1-820.jpg,No cellular connectivity,N/A,No,No,"2015, April","Available. Released 2015, May",213.9 x 127.7 x 9.5 mm (8.42 x 5.03 x 0.37 in),355 g (12.52 oz),No,Non-removable Li-Ion 4550 mAh battery (17.2 Wh),IPS LCD capacitive touchscreen,"8.0 inches, 185.6 cm2 (~67.9% screen-to-body ratio)","800 x 1280 pixels, 16:10 ratio (~189 ppi density)",Android 5.0 (Lollipop),Intel Atom Z3735G,Quad-core 1.33 GHz,"microSD, up to 32 GB (dedicated slot)","16/32 GB, 1 GB RAM",5 MP,1080p@30fps,VGA,,"Yes, with stereo speakers",Yes,Wi-Fi 802.11 b/g/n,"4.0, A2DP","Yes, with A-GPS, GLONASS",No,microUSB 2.0,Accelerometer,,Up to 8 h 30 min (multimedia),"Black, White",About 180 EUR,,,,,,,,,,,,,,,,,,,,,,
acer,Acer Iconia Tab A3-A20,https://cdn2.gsmarena.com/vv/bigpic/acer-a3-20.jpg,No cellular connectivity,N/A,No,No,"2014, October","Available. Released 2014, October",256.5 x 170.2 x 10.2 mm (10.10 x 6.70 x 0.40 in),508 g (1.12 lb),No,Dolby Digital Plus audio enhancement,"LED-backlit IPS LCD capacitive touchscreen, 16M colors","10.1 inches, 295.8 cm2 (~67.8% screen-to-body ratio)","1280 x 800 pixels, 16:10 ratio (~149 ppi density)",Android 4.4 (KitKat),Mediatek MT8127 (28 nm),Quad-core 1.3 GHz Cortex-A7,"microSD, up to 256 GB (dedicated slot)","16 GB, 1 GB RAM","5 MP, AF",720p,2 MP,,"Yes, with stereo speakers",Yes,"Wi-Fi 802.11 b/g/n, hotspot","4.0, A2DP",A-GPS only,No,microUSB 2.0,Accelerometer,Non-removable Li-Po 5910 mAh battery (A3-A20-K1AY),Up to 9 h (multimedia),"Black, White",About 190 EUR,,,,Mali-450MP4,,,,,,,,,,,"Corning Gorilla Glass 4, oleophobic coating",,,,,,,
acer,Acer Iconia Tab A3-A20FHD,https://cdn2.gsmarena.com/vv/bigpic/acer-a3-20.jpg,No cellular connectivity,N/A,No,No,"2014, October","Available. Released 2014, October",256.5 x 170.2 x 10.2 mm (10.10 x 6.70 x 0.40 in),508 g (1.12 lb),No,Dolby Digital Plus audio enhancement,"LED-backlit IPS LCD capacitive touchscreen, 16M colors","10.1 inches, 295.8 cm2 (~67.8% screen-to-body ratio)","1920 x 1200 pixels, 16:10 ratio (~224 ppi density)",Android 4.4 (KitKat),Mediatek MT8127 (28 nm),Quad-core 1.5 GHz Cortex-A7,"microSD, up to 256 GB (dedicated slot)","32 GB, 2 GB RAM","5 MP, AF",720p,2 MP,,"Yes, with stereo speakers",Yes,"Wi-Fi 802.11 b/g/n, hotspot","4.0, A2DP",A-GPS only,No,microUSB 2.0,Accelerometer,Non-removable Li-Po 5910 mAh battery (A3-A20FHD-K8KX),Up to 8 h (multimedia),"Black, White",About 230 EUR,,,,Mali-450MP4,,,,,,,,,,,"Corning Gorilla Glass 4, oleophobic coating",,,,,,,
acer,Acer Liquid Jade Z,https://cdn2.gsmarena.com/vv/bigpic/acer-liquid-jade-z.jpg,GSM / HSPA / LTE,GSM 850 / 900 / 1800 / 1900 - SIM 1 & SIM 2,Yes,Yes,"2015, March","Available. Released 2015, April",143.5 x 69.8 x 8 mm (5.65 x 2.75 x 0.31 in),110 g (3.88 oz),"Hybrid Dual SIM (Nano-SIM, dual stand-by)",HSDPA 850 / 900 / 1900 / 2100,"IPS LCD capacitive touchscreen, 16M colors","5.0 inches, 68.9 cm2 (~68.8% screen-to-body ratio)","720 x 1280 pixels, 16:9 ratio (~294 ppi density)",Android 5.0 (Lollipop),Mediatek MT6732 (28 nm),Quad-core 1.5 GHz Cortex-A53,"microSD, up to 32 GB (uses SIM 2 slot)","8 GB, 1 GB RAM - Liquid Jade Z16 GB, 2 GB RAM - Liquid Jade Z Plus","13 MP, AF, f/1.8",1080p@30fps,5 MP,,Yes,Yes,"Wi-Fi 802.11 b/g/n, hotspot","4.0, A2DP, EDR","Yes, with A-GPS",FM radio,microUSB 2.0,"Accelerometer, gyro, proximity, compass",DTS sound,Up to 7 h (2G) / Up to 4 h (3G),"Black, White",About 200 EUR,HSDPA 900 / 2100,"LTE band 1(2100), 3(1800), 7(2600), 20(800)","HSPA 21.1/5.76 Mbps, LTE Cat4 150/50 Mbps",Mali-T760MP2,"LED flash, HDR, panorama",Non-removable Li-Po 2300 mAh battery,,Up to 410 h (2G) / Up to 400 h (3G),,,,,,,Corning Gorilla Glass 3,,,,,,,
acer,Acer Liquid Z520,https://cdn2.gsmarena.com/vv/bigpic/acer-liquid-z520.jpg,GSM / HSPA,GSM 850 / 900 / 1800 / 1900 - SIM 1 & SIM 2 (dual-SIM model only),Yes,Yes,"2015, March","Available. Released 2015, April",154 x 86 x 6.4 mm (6.06 x 3.39 x 0.25 in),118 g (4.16 oz),"Single SIM (Micro-SIM) or Dual SIM (Micro-SIM, dual stand-by)",HSDPA 850 / 900 / 1900 / 2100,TFT capacitive touchscreen,"5.0 inches, 75.7 cm2 (~57.1% screen-to-body ratio)","480 x 854 pixels, 16:9 ratio (~187 ppi density)",Android 4.4.2 (KitKat),Mediatek MT6582M (28 nm),Quad-core 1.3 GHz Cortex-A7,"microSD, up to 32 GB (dedicated slot)","8 GB, 1 GB RAM16 GB, 2 GB RAM","8 MP, AF","1080p@30fps, 720p@60fps",2 MP,,Yes,Yes,"Wi-Fi 802.11 b/g/n, hotspot","4.0, A2DP","Yes, with A-GPS",FM radio,microUSB 2.0,"Accelerometer, proximity",DTS sound,,"Black, White",About 130 EUR,HSDPA 900 / 2100,,HSPA,Mali-400MP2,"LED flash, HDR, panorama",Removable Li-Po 2000 mAh battery,,,,,,,,,,,,,,,,
acer,Acer Liquid Z220,https://cdn2.gsmarena.com/vv/bigpic/acer-liquid-z220.jpg,GSM / HSPA,GSM 850 / 900 / 1800 / 1900 - SIM 1 & SIM 2 (dual-SIM model only),Yes,Yes,"2015, March","Available. Released 2015, April",125.3 x 64 x 9.6 mm (4.93 x 2.52 x 0.38 in),120 g (4.23 oz),"Single SIM (Mini-SIM) or Dual SIM (Mini-SIM/Micro-SIM, dual stand-by)",HSDPA 850 / 1900,Capacitive touchscreen,"4.0 inches, 45.5 cm2 (~56.8% screen-to-body ratio)","480 x 800 pixels, 5:3 ratio (~233 ppi density)",Android 5.0 (Lollipop),Qualcomm Snapdragon 200 (28 nm),Dual-core 1.2 GHz Cortex-A7,"microSD, up to 32 GB (dedicated slot)","8 GB, 1 GB RAM","5 MP, AF",720p@30fps,2 MP,,Yes,Yes,"Wi-Fi 802.11 b/g/n, hotspot","4.0, A2DP","Yes, with A-GPS",FM radio,microUSB 2.0,Accelerometer,HSDPA 850 / 1700(AWS),,"Black, White",About 90 EUR,HSDPA 900 / 2100,,HSPA,Adreno 302,LED flash,Removable Li-Ion 1300 mAh battery,,,,,,,,,,,,,,,,
acer,Acer Liquid M220,https://cdn2.gsmarena.com/vv/bigpic/acer-liquid-m220.jpg,GSM / HSPA,GSM 850 / 900 / 1800 / 1900 - SIM 1 & SIM 2 (dual-SIM model only),Yes,Yes,"2015, March","Available. Released 2015, May",124.9 x 64 x 9.6 mm (4.92 x 2.52 x 0.38 in),119 g (4.20 oz),"Single SIM (Mini-SIM) or Dual SIM (Mini-SIM/Micro-SIM, dual stand-by)",HSDPA 850 / 1900,TFT capacitive touchscreen,"4.0 inches, 45.5 cm2 (~57.0% screen-to-body ratio)","480 x 800 pixels, 5:3 ratio (~233 ppi density)",Microsoft Windows Phone 8.1,Qualcomm MSM8210 Snapdragon 200 (28 nm),Dual-core 1.2 GHz Cortex-A7,"microSD, up to 32 GB (dedicated slot)","4 GB, 512 MB RAM - Liquid M2208 GB, 1 GB RAM - Liquid M220 Plus","5 MP, AF",Yes,2 MP,,Yes,Yes,"Wi-Fi 802.11 b/g/n, hotspot","4.0, A2DP","Yes, with A-GPS",FM radio,microUSB 2.0,"Accelerometer, proximity",HSDPA 850 / 1700(AWS),Up to 4 h,"Mystic Black, Pure White",About 80 EUR,HSDPA 900 / 2100,,HSPA 21.1/5.76 Mbps,Adreno 302,"LED flash, panorama",Removable Li-Ion 1300 mAh battery,,Up to 200 h,,,,,,,,,,,,,,
acer,Acer Liquid Z410,https://cdn2.gsmarena.com/vv/bigpic/acer-liquid-z410.jpg,GSM / HSPA / LTE,GSM 850 / 900 / 1800 / 1900 - SIM 1 & SIM 2 (dual-SIM model only),Yes,Yes,"2015, January","Available. Released 2015, February",136 x 66.7 x 9.9 mm (5.35 x 2.63 x 0.39 in),145 g (5.11 oz),"Single SIM (Micro-SIM) or Dual SIM (Micro-SIM, dual stand-by)",HSDPA 850 / 900 / 1900 / 2100,"IPS LCD capacitive touchscreen, 16M colors","4.5 inches, 55.8 cm2 (~61.5% screen-to-body ratio)","540 x 960 pixels, 16:9 ratio (~245 ppi density)",Android 4.4.4 (KitKat),Mediatek MT6732M (28 nm),Quad-core 1.3 GHz Cortex-A53,"microSD, up to 32 GB (dedicated slot)","8 GB, 1 GB RAM16 GB, 2 GB RAM","5 MP, AF","Yes, dual shot",2 MP,,"Yes, dual speakers",Yes,"Wi-Fi 802.11 b/g/n, hotspot","4.0, A2DP","Yes, with A-GPS",FM radio,microUSB 2.0,"Accelerometer, proximity","LTE band 2(1900), 4(1700/2100), 7(2600), 17(700)",,Black,About 130 EUR,HSDPA 900 / 2100,"LTE band 1(2100), 3(1800), 7(2600), 20(800)","HSPA, LTE Cat4 150/50 Mbps",Mali-T760MP2,LED flash,Removable Li-Po 2000 mAh battery,,,,,,,,,,,,,,,,
acer,Acer Liquid Jade S,https://cdn2.gsmarena.com/vv/bigpic/acer-liquid-jade-s-s56.jpg,GSM / HSPA / LTE,GSM 850 / 900 / 1800 / 1900 - SIM 1 & SIM 2,Yes,Yes,"2014, December","Available. Released 2014, December",143 x 69 x 7.8 mm (5.63 x 2.72 x 0.31 in),116 g (4.09 oz),"Hybrid Dual SIM (Nano-SIM, dual stand-by)",HSDPA 850 / 900 / 1900 / 2100 - EU,"IPS LCD capacitive touchscreen, 16M colors","5.0 inches, 68.9 cm2 (~69.8% screen-to-body ratio)","720 x 1280 pixels, 16:9 ratio (~294 ppi density)","Android 4.4.4 (KitKat), upgradable to 5.1 (Lollipop)",Mediatek MT6752M,Octa-core 1.5 GHz Cortex-A53,"microSD, up to 32 GB (uses SIM 2 slot)","16 GB, 2 GB RAM","13 MP, AF, f/1.8",1080p@30fps,"5 MP, f/2.2",,Yes,Yes,"Wi-Fi 802.11 b/g/n, hotspot","4.0, A2DP, EDR","Yes, with A-GPS",FM radio,microUSB 2.0,"Accelerometer, proximity, compass",LTE 800 / 1800 / 2100 / 2600 - EU,Up to 6 h (3G),"Black, White, Red, Pink",About 200 EUR,HSDPA 900 / 2100,"LTE band 3(1800), 8(900), 28(700) - Taiwan","HSPA 21.1/5.76 Mbps, LTE Cat4 150/50 Mbps",Mali-T760MP2,"LED flash, HDR, panorama",Non-removable Li-Ion 2300 mAh battery,,Up to 250 h (3G),Basemark OS II: 619 / Basemark OS II 2.0: 725Basemark X: 3934,,Photo / Video,Voice 60dB / Noise 56dB / Ring 60dB,,Endurance rating 43h,Corning Gorilla Glass 3,,,,,,,
acer,Acer Liquid Z500,https://cdn2.gsmarena.com/vv/bigpic/acer-liquid-z5.jpg,GSM / HSPA,GSM 850 / 900 / 1800 / 1900 - SIM 1 & SIM 2 (dual-SIM model only),Yes,Yes,"2014, September","Available. Released 2014, Septeber",145 x 73 x 8.8 mm (5.71 x 2.87 x 0.35 in),150 g (5.29 oz),"Single SIM (Micro-SIM) or Dual SIM (Micro-SIM, dual stand-by)",HSDPA 850 / 900 / 1900 / 2100,"IPS LCD capacitive touchscreen, 16M colors","5.0 inches, 68.9 cm2 (~65.1% screen-to-body ratio)","720 x 1280 pixels, 16:9 ratio (~294 ppi density)",Android 4.4.2 (KitKat),Mediatek MT6582 (28 nm),Quad-core 1.3 GHz Cortex-A7,"microSD, up to 32 GB (dedicated slot)","4 GB, 1 GB RAM16 GB, 2 GB RAM","8 MP, AF",1080p@30fps,2 MP,,"Yes, with stereo speakers",Yes,"Wi-Fi 802.11 b/g/n, hotspot","4.0, A2DP, EDR","Yes, with A-GPS",FM radio,microUSB 2.0,"Accelerometer, proximity",DTS sound Active noise cancellation with dedicated mic,,"Aquamarine Green, Sandy Silver, Titanium Black",About 150 EUR,HSDPA 900 / 2100,,HSPA,Mali-400MP2,"LED flash, HDR",Non-removable Li-Ion 2000 mAh battery,,,,,,,,,Corning Gorilla Glass 3,,,0.62 W/kg (head),,,,
acer,Acer Liquid X1,https://cdn2.gsmarena.com/vv/bigpic/acer-liquid-x1.jpg,GSM / HSPA / LTE,GSM 850 / 900 / 1800 / 1900,Yes,Yes,"2014, June","Available. Released 2014, September",153.3 x 80.4 x 8.5 mm (6.04 x 3.17 x 0.33 in),164 g (5.78 oz),Micro-SIM,Active noise cancellation with dedicated mic,"IPS LCD capacitive touchscreen, 16M colors","5.7 inches, 89.6 cm2 (~72.7% screen-to-body ratio)","720 x 1280 pixels, 16:9 ratio (~258 ppi density)",Android 4.4.2 (KitKat),Mediatek MT6592 (28 nm),Octa-core 1.7 GHz Cortex-A7,"microSD, up to 32 GB (dedicated slot)","16 GB, 2 GB RAM","13 MP, AF",1080p@30fps,2 MP,,Yes,Yes,"Wi-Fi 802.11 b/g/n, hotspot","4.0, A2DP","Yes, with A-GPS",FM radio,microUSB 2.0,"Accelerometer, proximity, compass",Removable Li-Ion 2700 mAh battery,Up to 6 h (3G),"Graphite black, Wine red",About 260 EUR,HSDPA 900 / 2100,"LTE band 3(1800), 7(2600)","HSPA, LTE",Mali-450MP4,LED flash,,,Up to 250 h (3G),,,,,,,Corning Gorilla Glass 3,,,,,,,
acer,Acer Liquid Jade,https://cdn2.gsmarena.com/vv/bigpic/acer-liquid-jade.jpg,GSM / HSPA,GSM 850 / 900 / 1800 / 1900 - SIM 1 & SIM 2,Yes,Yes,"2014, June","Available. Released 2014, July",140.5 x 69 x 7.5 mm (5.53 x 2.72 x 0.30 in),110 g (3.88 oz),"Hybrid Dual SIM (Micro-SIM, dual stand-by)",DTS sound,"IPS LCD capacitive touchscreen, 16M colors","5.0 inches, 68.9 cm2 (~71.1% screen-to-body ratio)","720 x 1280 pixels, 16:9 ratio (~294 ppi density)",Android 4.4.2 (KitKat),Mediatek MT6582 (28 nm),Quad-core 1.3 GHz Cortex-A7,"microSD, up to 32 GB (uses SIM 2 slot)","8 GB, 1 GB RAM - Liquid Jade16 GB, 2 GB RAM - Liquid Jade Plus","13 MP, AF",1080p@30fps,2 MP,,Yes,Yes,"Wi-Fi 802.11 b/g/n, hotspot","4.0, A2DP","Yes, with A-GPS",FM radio,microUSB 2.0,"Accelerometer, proximity, compass",Non-removable Li-Ion 2100 mAh battery,Up to 5 h (3G),"Black, White, Green, Pink, Gray",About 180 EUR,HSDPA 900 / 2100,,HSPA,Mali-400MP2,LED flash,,,Up to 330 h (3G),,,,,,,Corning Gorilla Glass 3,,,,,,,
acer,Acer Liquid E700,https://cdn2.gsmarena.com/vv/bigpic/acer-liquid-e700.jpg,GSM / HSPA,GSM 850 / 900 / 1800 / 1900 - SIM 1 & SIM 2 & SIM 3,Yes,Yes,"2014, June","Available. Released 2014, August",147.3 x 73 x 9.9 mm (5.80 x 2.87 x 0.39 in),155 g (5.47 oz),Triple SIM (Micro-SIM),DTS sound,"IPS LCD capacitive touchscreen, 16M colors","5.0 inches, 68.9 cm2 (~64.1% screen-to-body ratio)","720 x 1280 pixels, 16:9 ratio (~294 ppi density)",Android 4.4.2 (KitKat),Mediatek MT6582 (28 nm),Quad-core 1.2 GHz Cortex-A7,"microSD, up to 32 GB (dedicated slot)","16 GB, 2 GB RAM or 4 GB, 1 GB RAM","8 MP, AF",1080p@30fps,2 MP,,"Yes, with stereo speakers",Yes,"Wi-Fi 802.11 b/g/n, hotspot","4.0, A2DP","Yes, with A-GPS",FM radio,microUSB 2.0,"Accelerometer, proximity",Non-removable Li-Ion 3500 mAh battery,Up to 24 h,"Titan Black, Burgundy Red",About 200 EUR,HSDPA 850 / 900 / 1900 / 2100,,HSPA,Mali-400MP2,LED flash,,LED flash,Up to 1440 h,,,,,,,,,,,Up to 100 h,,,
acer,Acer Liquid E600,https://cdn2.gsmarena.com/vv/bigpic/acer-liquid-e600-1.jpg,GSM / HSPA / LTE,GSM 850 / 900 / 1800 / 1900,Yes,Yes,"2014, June","Available. Released 2014, September",147 x 72 x 9.5 mm (5.79 x 2.83 x 0.37 in),155 g (5.47 oz),Micro-SIM,HSDPA 850 / 900 / 1900 / 2100,"IPS LCD capacitive touchscreen, 16M colors","5.0 inches, 68.9 cm2 (~65.1% screen-to-body ratio)","480 x 854 pixels, 16:9 ratio (~196 ppi density)",Android 4.4.2 (KitKat),Qualcomm MSM8926 Snapdragon 400 (28 nm),Quad-core 1.2 GHz Cortex-A7,"microSD, up to 32 GB (dedicated slot)","4 GB, 1 GB RAM16 GB, 2 GB RAM","8 MP, AF",Yes,2 MP or VGA,,"Yes, with stereo speakers",Yes,"Wi-Fi 802.11 b/g/n, hotspot","4.0, A2DP","Yes, with A-GPS",FM radio,microUSB 2.0,"Accelerometer, proximity",LTE: 800 / 1700(AWS) 1800 / 1900 / 2100 / 2600 MHz,Up to 6 h (3G),"Black, Green, Dark red",About 200 EUR,HSDPA 900 / 2100,"LTE band 1(2100), 3(1800), 7(2600), 20(800)","HSPA 21.1/5.76 Mbps, LTE Cat4 150/50 Mbps",Adreno 305,"LED flash, HDR",Non-removable Li-Ion 2500 mAh battery,,,,,,,,,,,,,,,,
acer,Acer Liquid Z200,https://cdn2.gsmarena.com/vv/bigpic/acer-liquid-z200.jpg,GSM / HSPA,GSM 850 / 900 / 1800 / 1900 - SIM 1 & SIM 2 (dual-SIM model only),Yes,Yes,"2014, June","Available. Released 2014, September",126 x 65 x 10.3 mm (4.96 x 2.56 x 0.41 in),130 g (4.59 oz),"Single SIM (Mini-SIM) or Dual SIM (Mini-SIM/Micro-SIM, dual stand-by)",HSDPA 850 / 900 / 1900 / 2100,TFT capacitive touchscreen,"4.0 inches, 45.5 cm2 (~55.6% screen-to-body ratio)","480 x 800 pixels, 5:3 ratio (~233 ppi density)",Android 4.4.2 (KitKat),Mediatek MT6572M (28 nm),Dual-core 1.0 GHz Cortex-A7,"microSD, up to 32 GB (dedicated slot)","4 GB, 512 MB RAM",2 MP,Yes,,,Yes,Yes,"Wi-Fi 802.11 b/g/n, hotspot","4.0, A2DP","Yes, with A-GPS",FM radio,microUSB 2.0,Accelerometer,No,,"Titanium Black, Essential White, Fragrant Pink, Sky Blue, Sunshine Yellow",About 90 EUR,HSDPA 900 / 2100,,HSPA,Mali-400,Panorama,Removable Li-Ion 1300 mAh battery,,,,,,,,,,,,,,,,
acer,Acer Iconia Tab 8 A1-840FHD,https://cdn2.gsmarena.com/vv/bigpic/acer-iconia-tab-8-2014-1.jpg,No cellular connectivity,N/A,No,No,"2014, June","Available. Released 2014, September",215 x 130 x 8.5 mm (8.46 x 5.12 x 0.33 in),360 g (12.70 oz),No,HDMI port,"IPS LCD capacitive touchscreen, 16M colors","8.0 inches, 185.6 cm2 (~66.4% screen-to-body ratio)","1200 x 1920 pixels, 16:10 ratio (~283 ppi density)",Android 4.4.2 (KitKat),Intel Atom Z3745,Quad-core 1.86 GHz,"microSD, up to 32 GB (dedicated slot)","16/32 GB, 2 GB RAM",5 MP,Yes,2 MP,,Yes,Yes,"Wi-Fi 802.11 a/b/g/n, dual-band","4.0, A2DP","Yes, GLONASS",No,microUSB 2.0,Accelerometer,Non-removable Li-Ion 4600 mAh battery,Up to 7 h 30 min (multimedia),Silver,About 200 EUR,,,,Intel Gen 7 (Ivy Bridge),,,,,,,,,,,,,,,,,,
acer,Acer Iconia Tab 7 A1-713,https://cdn2.gsmarena.com/vv/bigpic/acer-iconia-tab-7.jpg,GSM / HSPA,GSM 850 / 900 / 1800 / 1900 N/A,Yes,Yes,"2014, April","Available. Released 2014, August",8.9 mm thickness,298 g (10.51 oz),Mini-SIM,Non-removable Li-Ion 3400 mAh battery,TFT capacitive touchscreen,"7.0 inches, 137.9 cm2 (~64.5% screen-to-body ratio)","600 x 1024 pixels, 16:9 ratio (~170 ppi density)","Android 4.2.2 (Jelly Bean), upgradable to 4.4.2 (KitKat)",,Quad-core,"microSD, up to 32 GB (dedicated slot)","16 GB, 1 GB RAM",2 MP,Yes,Yes,,Yes,Yes,Wi-Fi 802.11 b/g/n,"4.0, A2DP",Yes,No,microUSB 2.0,Accelerometer,,Up to 6 h (multimedia),Black,About 110 EUR,HSDPA,,HSPA,,,,,,,,,,,,,,,,,,,
acer,Acer Iconia Tab 7 A1-713HD,https://cdn2.gsmarena.com/vv/bigpic/acer-iconia-tab-7.jpg,GSM / HSPA,GSM 850 / 900 / 1800 / 1900 N/A,Yes,Yes,"2014, April","Available. Released 2014, August",8.9 mm thickness,298 g (10.51 oz),Mini-SIM,Non-removable Li-Ion 3400 mAh battery,IPS LCD capacitive touchscreen,"7.0 inches, 142.1 cm2 (~66.4% screen-to-body ratio)","800 x 1280 pixels, 16:10 ratio (~216 ppi density)",Android 4.4.2 (KitKat),,Quad-core,"microSD, up to 32 GB (dedicated slot)","16 GB, 1 GB RAM",5 MP,Yes,Yes,,Yes,Yes,Wi-Fi 802.11 b/g/n,"4.0, A2DP",Yes,No,microUSB 2.0,Accelerometer,,Up to 6 h (multimedia),Black,About 150 EUR,HSDPA,,HSPA,,,,,,,,,,,,,,,,,,,
acer,Acer Iconia One 7 B1-730,https://cdn2.gsmarena.com/vv/bigpic/acer-iconia-one-7.jpg,No cellular connectivity,N/A,No,No,"2014, April","Available. Released 2014, June",8.9 mm thickness,-,No,Non-removable Li-Ion 3700 mAh battery,IPS LCD capacitive touchscreen,"7.0 inches, 142.1 cm2 (~66.4% screen-to-body ratio)","800 x 1280 pixels, 16:10 ratio (~216 ppi density)","Android 4.2.2 (Jelly Bean), upgradable to 4.4.2 (KitKat)",Intel Atom Z2560,Dual-core 1.6 GHz,"microSD, up to 32 GB (dedicated slot)","8 GB, 1 GB RAM",5 MP,Yes,Yes,,"Yes, with stereo speakers",Yes,Wi-Fi 802.11 b/g/n,"4.0, A2DP",No,No,microUSB 2.0,Accelerometer,,Up to 7 h (multimedia),"Red, white, black, blue, pink",About 90 EUR,,,,PowerVR SGX544MP2,,,,,,,,,,,,,,,,,,
acer,Acer Liquid E3 Duo Plus,https://cdn2.gsmarena.com/vv/bigpic/acer-liquid-e3-plus.jpg,GSM / HSPA,GSM 850 / 900 / 1800 / 1900 - SIM 1 & SIM 2,Yes,Yes,"2014, Q3","Available. Released 2014, Q3",138 x 69 x 8.9 mm (5.43 x 2.72 x 0.35 in),-,Dual SIM,DTS sound Active noise cancellation with dedicated mic,"IPS LCD capacitive touchscreen, 16M colors","4.7 inches, 60.9 cm2 (~64.0% screen-to-body ratio)","720 x 1280 pixels, 16:9 ratio (~312 ppi density)",Android 4.2.2 (Jelly Bean),Mediatek MT6589 (28 nm),Quad-core 1.2 GHz Cortex-A7,"microSD, up to 32 GB (dedicated slot)","16 GB, 2 GB RAM","13 MP, AF",Yes,2 MP,,Yes,Yes,"Wi-Fi 802.11 b/g/n, hotspot","4.0, A2DP","Yes, with A-GPS, GLONASS",FM radio,microUSB 2.0,"Accelerometer, proximity",Non-removable Li-Ion 2000 mAh battery,Up to 5 h,Black,About 240 EUR,HSDPA,,HSPA,PowerVR SGX544,LED flash,,LED flash,Up to 260 h,,,,,,,,,,,,,,
acer,Acer Liquid E3,https://cdn2.gsmarena.com/vv/bigpic/acer-liquid-e3-new.jpg,GSM / HSPA,GSM 850 / 900 / 1800 / 1900 - SIM 1 & SIM 2 (dual-SIM model only),Yes,Yes,"2014, February","Available. Released 2014, April",136 x 68 x 9 mm (5.35 x 2.68 x 0.35 in),134 g (4.73 oz),"Single SIM (Micro-SIM) or Dual SIM (Micro-SIM, dual stand-by)",DTS sound Active noise cancellation with dedicated mic,"IPS LCD capacitive touchscreen, 16M colors","4.7 inches, 60.9 cm2 (~65.8% screen-to-body ratio)","720 x 1280 pixels, 16:9 ratio (~312 ppi density)",Android 4.2.2 (Jelly Bean),Mediatek MT6589 (28 nm),Quad-core 1.2 GHz Cortex-A7,"microSD, up to 32 GB (dedicated slot)","4 GB, 1 GB RAM","13 MP, AF",Yes,2 MP,,Yes,Yes,"Wi-Fi 802.11 b/g/n, hotspot","4.0, A2DP","Yes, with A-GPS, GLONASS",FM radio,microUSB 2.0,"Accelerometer, proximity",Non-removable Li-Ion 2500 mAh battery,Up to 5 h,Black/White,About 200 EUR,HSDPA,,HSPA,PowerVR SGX544,LED flash,,LED flash,Up to 260 h,,,,,,,,,,,,,,
acer,Acer Liquid Z4,https://cdn2.gsmarena.com/vv/bigpic/acer-liquid-z4.jpg,GSM / HSPA,GSM 850 / 900 / 1800 / 1900 - SIM 1 & SIM 2 (dual-SIM model only),Yes,Yes,"2014, February","Available. Released 2014, April",124 x 64 x 9.7 mm (4.88 x 2.52 x 0.38 in),122 g (4.30 oz),"Single SIM (Micro-SIM) or Dual SIM (Micro-SIM, dual stand-by)",DTS sound Active noise cancellation with dedicated mic,TFT capacitive touchscreen,"4.0 inches, 45.5 cm2 (~57.4% screen-to-body ratio)","480 x 800 pixels, 5:3 ratio (~233 ppi density)",Android 4.2.2 (Jelly Bean),Mediatek MT6572 (28 nm),Dual-core 1.3 GHz Cortex-A7,microSD (dedicated slot),"4 GB, 512 MB RAM","5 MP, AF",720p@30fps,1.3 MP,,Yes,Yes,"Wi-Fi 802.11 b/g/n, hotspot","4.0, A2DP",No,No,microUSB 2.0,"Accelerometer, proximity",Removable Li-Ion 1630 mAh battery,,Black/White,About 100 EUR,HSDPA,,HSPA,Mali-400,LED flash,,,,,,,,,,,,,,,,,
acer,Acer Iconia B1-721,https://cdn2.gsmarena.com/vv/bigpic/acer-iconia-b1-721.jpg,GSM / HSPA,GSM 850 / 900 / 1800 / 1900,Yes,Yes,"2014, January. Released 2014, January",Discontinued,199 x 122.3 x 11.4 mm (7.83 x 4.81 x 0.45 in),323 g (11.39 oz),Yes,No,TFT capacitive touchscreen,"7.0 inches, 137.9 cm2 (~56.7% screen-to-body ratio)","600 x 1024 pixels, 16:9 ratio (~170 ppi density)",Android 4.2 (Jelly Bean),Mediatek MT8312 (28 nm),Dual-core 1.3 GHz Cortex-A7,"microSD, up to 32 GB (dedicated slot)","16 GB, 1 GB RAM",VGA,Yes,,,Yes,Yes,Wi-Fi 802.11 b/g/n,Yes,Yes,No,microUSB 2.0,Accelerometer,Non-removable Li-Po 2955 mAh battery,,Black/Red,About 130 EUR,HSDPA,,HSPA,Mali-400,,,,,,,,,,,,,,,,,,
acer,Acer Iconia B1-720,https://cdn2.gsmarena.com/vv/bigpic/acer-iconia-tab-b1-720.jpg,No cellular connectivity,N/A,No,No,"2014, January. Released 2014, January",Discontinued,198.1 x 121.9 x 10.2 mm (7.80 x 4.80 x 0.40 in),315 g (11.11 oz),No,No,TFT capacitive touchscreen,"7.0 inches, 137.9 cm2 (~57.1% screen-to-body ratio)","600 x 1024 pixels, 16:9 ratio (~170 ppi density)",Android 4.2 (Jelly Bean),Mediatek MT8111,Dual-core 1.3 GHz,"microSD, up to 32 GB (dedicated slot)","8/16 GB, 1 GB RAM",VGA,Yes,,,Yes,Yes,Wi-Fi 802.11 b/g/n,"4.0, A2DP",Yes,No,microUSB 2.0,Accelerometer,Non-removable Li-Po 2955 mAh battery,Up to 5 h (multimedia),"Black, Gold",About 100 EUR,,,,PowerVR SGX531,,,,,,,,,,,,,,,,,,
acer,Acer Iconia A1-830,https://cdn2.gsmarena.com/vv/bigpic/Acer-Iconia-A1-830.jpg,No cellular connectivity,N/A,No,No,"2014, January","Available. Released 2014, March",203 x 138.4 x 8.2 mm (7.99 x 5.45 x 0.32 in),380 g (13.40 oz),No,Non-removable Li-Ion 4000 mAh battery,"LED-backlit IPS LCD capacitive touchscreen, 16M colors","7.9 inches, 193.3 cm2 (~68.8% screen-to-body ratio)","768 x 1024 pixels, 4:3 ratio (~162 ppi density)",Android 4.2 (Jelly Bean),Intel Atom Z2560,Dual-core 1.6 GHz,"microSD, up to 32 GB (dedicated slot)","16 GB, 1 GB RAM","5 MP, AF",1080p@30fps,2 MP,,Yes,Yes,Wi-Fi 802.11 b/g/n,3.0,Yes,No,microUSB 2.0,Accelerometer,,Up to 7 h 30 min (multimedia),White,About 130 EUR,,,,PowerVR SGX544MP2,,,,,,,,,,,,,,,,,,
acer,Acer Liquid Z5,https://cdn2.gsmarena.com/vv/bigpic/acer-liquid-z5.jpg,GSM / HSPA,GSM 850 / 900 / 1800 / 1900 - SIM 1 & SIM 2,Yes,Yes,"2014, January","Available. Released 2014, January",145.5 x 73.5 x 8.8 mm (5.73 x 2.89 x 0.35 in),150 g (5.29 oz),Dual SIM,DTS sound,"TFT capacitive touchscreen, 16M colors","5.0 inches, 68.9 cm2 (~64.4% screen-to-body ratio)","480 x 854 pixels, 16:9 ratio (~196 ppi density)",Android 4.2 (Jelly Bean),Mediatek MT6572 (28 nm),Dual-core 1.3 GHz Cortex-A7,"microSD, up to 32 GB (dedicated slot)","4 GB, 512 MB RAM",5 MP,Yes,VGA,,Yes,Yes,"Wi-Fi 802.11 b/g/n, hotspot","3.0, A2DP, EDR","Yes, with A-GPS",FM radio,microUSB 2.0,"Accelerometer, proximity",Non-removable Li-Ion 2000 mAh battery,,"Essential White, Gentle Grey",About 170 EUR,HSDPA 900 / 2100,,HSPA,Mali-400,LED flash,,,,,,,,,,,,,,,,,
acer,Acer Liquid S2,https://cdn2.gsmarena.com/vv/bigpic/acer-liquid-s2.jpg,GSM / HSPA / LTE,GSM 850 / 900 / 1800 / 1900,Yes,Yes,"2013, August. Released 2013, December",Discontinued,166 x 86.2 x 9 mm (6.54 x 3.39 x 0.35 in),229 g (8.08 oz),Nano-SIM,Dolby Digital Plus audio enhancement,"IPS LCD capacitive touchscreen, 16M colors","6.0 inches, 98.7 cm2 (~69.0% screen-to-body ratio)","1080 x 1920 pixels, 16:9 ratio (~368 ppi density)",Android 4.2.2 (Jelly Bean),Qualcomm MSM8974 Snapdragon 800 (28 nm),Quad-core 2.2 GHz Krait 400,"microSD, up to 64 GB (dedicated slot)","16 GB, 2 GB RAM","13 MP, AF","2160p@24fps, 1080p@60fps",2 MP,1080p@30fps,"Yes, with stereo speakers",Yes,"Wi-Fi 802.11 a/b/g/n/ac, dual-band, Wi-Fi Direct, DLNA, hotspot","4.0, A2DP","Yes, with A-GPS, GLONASS","Stereo FM radio, RDS",microUSB 2.0,"Accelerometer, gyro, proximity, compass",Non-removable Li-Po 3300 mAh battery,Up to 13 h (3G),"Black, Red",About 340 EUR,HSDPA 900 / 2100,"LTE band 3(1800), 7(2600), 20(800)","HSPA 42.2/5.76 Mbps, LTE-A Cat4 150/50 Mbps",Adreno 330,Quad-LED ring flash,,,Up to 700 h (3G),,,,,,,Corning Gorilla Glass 3,,Yes,,,,,
acer,Acer Liquid Z3,https://cdn2.gsmarena.com/vv/bigpic/acer-liquid-z3.jpg,GSM / HSPA,GSM 900 / 1800 / 1900,Yes,Yes,"2013, August. Released 2013, September",Discontinued,109 x 60 x 10.4 mm (4.29 x 2.36 x 0.41 in),120 g (4.23 oz),"Single SIM (Micro-SIM) or Dual SIM (Micro-SIM, dual stand-by)",No,"TFT capacitive touchscreen, 16M colors","3.5 inches, 36.5 cm2 (~55.8% screen-to-body ratio)","320 x 480 pixels, 3:2 ratio (~165 ppi density)",Android 4.2 (Jelly Bean),Mediatek MT6572 (28 nm),Dual-core 1.0 GHz Cortex-A7,"microSD, up to 32 GB (dedicated slot)","4 GB, 512 MB RAM",3.15 MP,Yes,,,Yes,Yes,"Wi-Fi 802.11 a/b/g/n, hotspot","3.0, A2DP, EDR","Yes, with A-GPS",Stereo FM radio,microUSB 2.0,"Accelerometer, proximity",Removable Li-Ion 1500 mAh battery,,"Rock Black, Classic White",About 100 EUR,HSDPA 900 / 2100,,HSPA 21.1/5.76 Mbps,Mali-400,,,,,,,,,,,,,,,,,,
acer,Acer Liquid S1,https://cdn2.gsmarena.com/vv/bigpic/acer-liquid-s1.jpg,GSM / HSPA,GSM 850 / 900 / 1800 / 1900 - SIM 1 & SIM 2 (dual-SIM model only),Yes,Yes,"2013, June. Released 2013, August",Discontinued,163 x 83 x 9.6 mm (6.42 x 3.27 x 0.38 in),195 g (6.88 oz),"Single SIM (Micro-SIM) or Dual SIM (Micro-SIM, dual stand-by)",DTS sound,"TFT capacitive touchscreen, 16M colors","5.7 inches, 89.6 cm2 (~66.2% screen-to-body ratio)","720 x 1280 pixels, 16:9 ratio (~258 ppi density)",Android 4.2 (Jelly Bean); Float UI,Mediatek MT6589 (28 nm),Quad-core 1.5 GHz Cortex-A7,"microSD, up to 32 GB (dedicated slot)","8 GB, 1 GB RAM","8 MP, AF",1080p@30fps,2 MP,,"Yes, with stereo speakers",Yes,"Wi-Fi 802.11 b/g/n, hotspot","4.0, A2DP, LE","Yes, with A-GPS",FM radio,microUSB 2.0,"Accelerometer, gyro, proximity, compass",Removable Li-Po 2400 mAh battery,Up to 11 h,"White, Black",About 320 EUR,HSDPA 900 / 2100,,HSPA 42.2/5.76 Mbps,PowerVR SGX544,LED flash,,,Up to 450 h,,,,,,,,,,0.44 W/kg (head)     0.41 W/kg (body),,,,
acer,Acer Iconia Tab A3,https://cdn2.gsmarena.com/vv/bigpic/acer-iconia-a3-a10.jpg,GSM / HSPA,GSM 850 / 900 / 1800 / 1900,Yes,Up to 236.8 kbps,"2013, September. Released 2013, November",Discontinued,260 x 175 x 10.2 mm (10.24 x 6.89 x 0.40 in),560 g (1.23 lb),Micro-SIM,Dolby Digital Plus audio enhancement,"LED-backlit IPS LCD capacitive touchscreen, 16M colors","10.1 inches, 295.8 cm2 (~65.0% screen-to-body ratio)","800 x 1280 pixels, 16:10 ratio (~149 ppi density)",Android 4.2.2 (Jelly Bean),Mediatek MT8125T - Wi-FiMediatek MT8389W - 3G,Quad-core 1.2 GHz Cortex-A7,"microSD, up to 32 GB (dedicated slot)","16/32 GB, 1 GB RAM",5 MP,1080p@30fps,VGA,,"Yes, with stereo speakers",Yes,"Wi-Fi 802.11 b/g/n, hotspot","4.0, A2DP","Yes, with A-GPS",No,"microUSB 2.0, USB Host","Accelerometer, gyro",HDMI port,Up to 11 h (multimedia),"Black/Silver, White",About 190 EUR,HSDPA 850 / 900 / 1900 / 2100,,HSPA 21.1/5.76 Mbps,PowerVR SGX544,,Non-removable Li-Po 7300 mAh battery (27 Wh),,,,,,,,,,,,,,,,
acer,Acer Iconia Tab A1-811,https://cdn2.gsmarena.com/vv/bigpic/acer-iconia-b1-810.jpg,GSM / HSPA,GSM 850 / 900 / 1800 / 1900,Yes,Yes,"2013, Q2. Released 2013, Q2",Discontinued,208.7 x 145.7 x 11.1 mm (8.22 x 5.74 x 0.44 in),430 g (15.17 oz),Yes,HDMI port,"TFT capacitive touchscreen, 16M colors","7.9 inches, 193.3 cm2 (~63.6% screen-to-body ratio)","768 x 1024 pixels, 4:3 ratio (~162 ppi density)",Android 4.2 (Jelly Bean),Mediatek MT8389W,Quad-core 1.2 GHz Cortex-A7,"microSD, up to 32 GB (dedicated slot)","8 GB, 1 GB RAM","5 MP, AF",Yes,VGA,,Yes,Yes,"Wi-Fi 802.11 b/g/n, hotspot","4.0, A2DP","Yes, with A-GPS",No,microUSB 2.0,"Accelerometer, gyro",Non-removable Li-Ion 4960 mAh battery (18.6 Wh),Up to 7 h (multimedia),White,About 150 EUR,HSDPA,,HSPA,PowerVR SGX544,,,,,,,,,,,,,,,,,,
acer,Acer Iconia Tab A1-810,https://cdn2.gsmarena.com/vv/bigpic/acer-iconia-b1-810.jpg,No cellular connectivity,N/A,No,No,"2013, April. Released 2013, May",Discontinued,208.7 x 145.7 x 11.1 mm (8.22 x 5.74 x 0.44 in),410 g (14.46 oz),No,HDMI port,"LED-backlit IPS LCD capacitive touchscreen, 16M colors","7.9 inches, 193.3 cm2 (~63.6% screen-to-body ratio)","768 x 1024 pixels, 4:3 ratio (~162 ppi density)","Android 4.2.2 (Jelly Bean), upgradаble to 4.4.2 (KitKat)",Mediatek MT8125 (28 nm),Quad-core 1.2 GHz,"microSD, up to 32 GB (dedicated slot)","8/16 GB, 1 GB RAM","5 MP, AF",Yes,VGA,,Yes,Yes,Wi-Fi 802.11 b/g/n,"4.0, A2DP",Yes,No,microUSB 2.0,"Accelerometer, gyro",Non-removable Li-Ion 4960 mAh battery (18.6 Wh),Up to 10 h (multimedia),Black,About 120 EUR,,,,PowerVR SGX544,,,,Up to 350 h,,,,,,,,,,,,,,
acer,Acer Liquid E2,https://cdn2.gsmarena.com/vv/bigpic/Acer-Liquid-E2.jpg,GSM / HSPA,GSM 850 / 900 / 1800 / 1900 - SIM 1 & SIM 2 (dual-SIM model only),Yes,Yes,"2013, April. Released 2013, May",Discontinued,131 x 68 x 9.9 mm (5.16 x 2.68 x 0.39 in),140 g (4.94 oz),"Single SIM (Micro-SIM) or Dual SIM (Micro-SIM, dual stand-by)",DTS sound Active noise cancellation with dedicated mic,"IPS LCD capacitive touchscreen, 16M colors","4.5 inches, 55.8 cm2 (~62.7% screen-to-body ratio)","540 x 960 pixels, 16:9 ratio (~245 ppi density)",Android 4.2.1 (Jelly Bean),Mediatek MT6589 (28 nm),Quad-core 1.2 GHz Cortex-A7,"microSD, up to 32 GB (dedicated slot)","4 GB, 1 GB RAM","8 MP, AF",1080p@30fps,2 MP,,"Yes, with stereo speakers",Yes,"Wi-Fi 802.11 b/g/n, hotspot","3.0, A2DP, EDR","Yes, with A-GPS",FM radio,microUSB 2.0,"Accelerometer, gyro, proximity, compass",Removable Li-Ion 2000 mAh battery,Up to 9 h,"Black, White",About 180 EUR,HSDPA 900 / 2100,,HSPA,PowerVR SGX544,LED flash,,,Up to 450 h,,,,,,,,,,0.23 W/kg (head),,,,
acer,Acer Liquid Z2,https://cdn2.gsmarena.com/vv/bigpic/acer-liquid-z2.jpg,GSM / HSPA,GSM 850 / 900 / 1800 / 1900 - SIM 1 & SIM 2 (dual-SIM model only),Yes,Yes,"2013, February. Released 2013, March",Discontinued,110 x 62.5 x 12.3 mm (4.33 x 2.46 x 0.48 in),110 g (4.59 oz),"Single SIM (Mini-SIM) or Dual SIM (Mini-SIM, dual stand-by)",No,"TFT capacitive touchscreen, 256K colors","3.5 inches, 36.5 cm2 (~53.1% screen-to-body ratio)","320 x 480 pixels, 3:2 ratio (~165 ppi density)",Android 4.1.1 (Jelly Bean),Qualcomm MSM7227A Snapdragon S1,1.0 GHz Cortex-A5,"microSD, up to 32 GB (dedicated slot)","4 GB, 512 MB RAM",3 MP or 5 MP,Yes,,,Yes,Yes,"Wi-Fi 802.11 b/g/n, hotspot","3.0, A2DP","Yes, with A-GPS","FM radio, RDS",microUSB 2.0,"Accelerometer, proximity",SRS audio,Up to 4 h,"Black, Black/White",About 100 EUR,HSDPA 900 / 2100,,HSPA 7.2/5.76 Mbps,Adreno 200,,Removable Li-Ion 1300 mAh battery,,Up to 450 h,,,,,,,,,,,,,,
acer,Acer Liquid C1,https://cdn2.gsmarena.com/vv/bigpic/acer-liquid-c1.jpg,GSM / HSPA,GSM 850 / 900 / 1800 / 1900,Yes,Yes,"2013, January. Released 2013, March",Discontinued,127.3 x 65.5 x 10 mm (5.01 x 2.58 x 0.39 in),140 g (4.94 oz),Mini-SIM,Removable Li-Ion 2000 mAh battery,"IPS LCD capacitive touchscreen, 16M colors","4.3 inches, 51.0 cm2 (~61.1% screen-to-body ratio)","540 x 960 pixels, 16:9 ratio (~256 ppi density)",Android 4.0 (Ice Cream Sandwich),Intel Atom Z2420,1.2 GHz,"microSD, up to 32 GB (dedicated slot)","4 GB, 1 GB RAM","8 MP, AF",Yes,VGA,,Yes,Yes,"Wi-Fi 802.11 b/g/n, hotspot","2.1, A2DP, EDR","Yes, with A-GPS",FM radio,microUSB 2.0,"Accelerometer, proximity",,Up to 9 h,"Black, White",About 180 EUR,HSDPA 850 / 900 / 1900 / 2100,,HSPA 21.1/5.76 Mbps,PowerVR SGX540,LED flash,,,,,,,,,,,,,0.38 W/kg (head)     0.70 W/kg (body),,,,
acer,Acer Liquid E1,https://cdn2.gsmarena.com/vv/bigpic/acer-liquid-e1.jpg,GSM / HSPA,GSM 850 / 900 / 1800 / 1900 - SIM 1 & SIM 2 (dual-SIM model only),Yes,Yes,"2013, January. Released 2013, March",Discontinued,132 x 68.5 x 9.9 mm (5.20 x 2.70 x 0.39 in),130 g (4.59 oz),"Single SIM (Mini-SIM) or Dual SIM (Mini-SIM, dual stand-by)",Removable Li-Ion 1760 mAh battery,"IPS LCD capacitive touchscreen, 16M colors","4.5 inches, 55.8 cm2 (~61.7% screen-to-body ratio)","540 x 960 pixels, 16:9 ratio (~245 ppi density)",Android 4.1.1 (Jelly Bean),Mediatek MT6577 (40 nm),Dual-core 1.0 GHz Cortex-A9,"microSD, up to 32 GB (dedicated slot)","4 GB, 1 GB RAM","5 MP, AF",720p@30fps,VGA,,"Yes, with stereo speakers",Yes,"Wi-Fi 802.11 b/g/n, hotspot","3.0, A2DP, EDR","Yes, with A-GPS",FM radio,microUSB 2.0,"Accelerometer, gyro, proximity, compass",,Up to 8 h,"Black, White",About 170 EUR,HSDPA 900 / 2100,,HSPA,SGX531u,LED flash,,,Up to 400 h,,,,,,,,,Yes (single sim model only),0.47 W/kg (head),,,,
acer,Acer Iconia Tab B1-710,https://cdn2.gsmarena.com/vv/bigpic/acer-b1-710.jpg,No cellular connectivity,N/A,No,No,"2013, November. Released 2013, November",Discontinued,198.1 x 129.5 x 12.7 mm (7.80 x 5.10 x 0.5 in),339.9 g (11.99 oz),No,No,TFT capacitive touchscreen,"7.0 inches, 137.9 cm2 (~53.8% screen-to-body ratio)","600 x 1024 pixels, 16:9 ratio (~170 ppi density)",Android OS,Mediatek MT8317T,Dual-core 1.2 GHz Cortex-A9,"microSD, up to 32 GB (dedicated slot)","8 GB, 1 GB RAM",Yes,Yes,,,Yes,Yes,Wi-Fi 802.11 b/g/n,"4.0, A2DP",Yes,No,microUSB 2.0,Accelerometer,Non-removable Li-Ion 2640 mAh battery,Up to 3 h 30 min (multimedia),White,About 110 EUR,,,,PowerVR SGX531u,,,,,,,,,,,,,,,,,,
acer,Acer Iconia Tab B1-A71,https://cdn2.gsmarena.com/vv/bigpic/acer-iconia-b1-a71-new.jpg,No cellular connectivity,N/A,No,No,"2013, January. Released 2013, January",Discontinued,197.4 x 128.5 x 11.3 mm (7.77 x 5.06 x 0.44 in),320 g (11.29 oz),No,No,"TFT capacitive touchscreen, 256K colors","7.0 inches, 137.9 cm2 (~54.4% screen-to-body ratio)","600 x 1024 pixels, 16:9 ratio (~170 ppi density)",Android 4.1 (Jelly Bean),Mediatek MT8317,Dual-core 1.2 GHz Cortex-A9,"microSD, up to 32 GB (dedicated slot)","8/16 GB, 512 MB RAM",VGA,Yes,,,Yes,Yes,Wi-Fi 802.11 b/g/n,"4.0, A2DP",Yes,No,microUSB 2.0,Accelerometer,Non-removable Li-Po 2710 mAh battery (10 Wh),,Black,About 100 EUR,,,,SGX531u,,,,,,,,,,,,,,,,,,
acer,Acer Iconia Tab A110,https://cdn2.gsmarena.com/vv/bigpic/acer-iconia-tab-a210.jpg,No cellular connectivity,N/A,No,No,"2012, October. Released 2012, October",Discontinued,193 x 126.5 x 11.4 mm (7.60 x 4.98 x 0.45 in),390 g (13.76 oz),No,Acer UI,"TFT capacitive touchscreen, 256K colors","7.0 inches, 137.9 cm2 (~56.5% screen-to-body ratio)","600 x 1024 pixels, 16:9 ratio (~170 ppi density)",Android 4.1 (Jelly Bean),Nvidia Tegra 3 T30L,Quad-core 1.2 GHz,"microSD, up to 32 GB (dedicated slot)","8 GB, 1 GB RAM",2 MP,720p@30fps,,,Yes,Yes,Wi-Fi 802.11 b/g/n,"3.0, A2DP","Yes, with A-GPS (3G model), GLONASS",No,microUSB 2.0,"Accelerometer, gyro, compass",No,Up to 7 h 30 min (multimedia),Black/Silver,About 150 EUR,,,,ULP GeForce,,Non-removable Li-Po 3420 mAh battery (12.7 Wh),,Up to 270 h,,,,,,,,,,,,,,
acer,Acer Liquid Z110,https://cdn2.gsmarena.com/vv/bigpic/acer-liquid-z.jpg,GSM / HSPA,GSM 850 / 900 / 1800 / 1900 - SIM 1 & SIM 2,Yes,Yes,"2012, October. Released 2012, October",Discontinued,110 x 61.5 x 12.3 mm (4.33 x 2.42 x 0.48 in),100 g (3.53 oz),"Dual SIM (Mini-SIM, dual stand-by)",No,"TFT capacitive touchscreen, 256K colors","3.5 inches, 36.5 cm2 (~53.9% screen-to-body ratio)","320 x 480 pixels, 3:2 ratio (~165 ppi density)",Android 2.3 (Gingerbread),Mediatek MT6575 (40 nm),1.0 GHz Cortex-A9,"microSD, up to 32 GB (dedicated slot)","4 GB, 512 MB RAM",3.15 MP,Yes,,,Yes,Yes,Wi-Fi 802.11 b/g/n,"3.0, A2DP","Yes, with A-GPS",FM radio,microUSB 2.0,"Accelerometer, proximity",SRS audio,Up to 5 h,"Black, White",About 100 EUR,HSDPA 2100 - SIM 1 only,,HSPA 7.2/0.384 Mbps,PowerVR SGX531,,Removable Li-Po 1300 mAh battery,,Up to 450 h,,,,,,,,,,0.53 W/kg (head)     0.64 W/kg (body),,,,
acer,Acer Liquid Gallant E350,https://cdn2.gsmarena.com/vv/bigpic/acer-liquid-gallant-e350.jpg,GSM / HSPA,GSM 850 / 900 / 1800 / 1900,Yes,Yes,"2012, August. Released 2012, September",Discontinued,129 x 65.9 x 9.9 mm (5.08 x 2.59 x 0.39 in),145 g (5.11 oz),Mini-SIM,No,"TFT capacitive touchscreen, 16M colors","4.3 inches, 51.0 cm2 (~60.0% screen-to-body ratio)","540 x 960 pixels, 16:9 ratio (~256 ppi density)",Android 4.0.3 (Ice Cream Sandwich),Mediatek MT6575 (40 nm),1.0 GHz Cortex-A9,"microSD, up to 32 GB (dedicated slot)","4 GB, 1 GB RAM","5 MP, AF",Yes,,,Yes,Yes,"Wi-Fi 802.11 b/g/n, Wi-Fi Direct, hotspot","3.0, A2DP, EDR","Yes, with A-GPS",FM radio,microUSB 2.0,"Accelerometer, proximity",Active noise cancellation with dedicated mic,,"Gentle Black, Ceramic White",About 160 EUR,HSDPA 900 / 2100,,HSPA,PowerVR SGX531,LED flash,Removable Li-Ion 1500 mAh battery,,,,,,,,,,,,0.50 W/kg (head),,0.49 W/kg (head)     0.54 W/kg (body),,
acer,Acer Liquid Gallant Duo,https://cdn2.gsmarena.com/vv/bigpic/acer-liquid-gallant-duo-new.jpg,GSM / HSPA,GSM 850 / 900 / 1800 / 1900 - SIM 1 & SIM 2,Yes,Yes,"2012, July. Released 2012, September",Discontinued,129 x 65.9 x 9.9 mm (5.08 x 2.59 x 0.39 in),145 g (5.11 oz),Dual SIM (Mini-SIM),No,"TFT capacitive touchscreen, 16M colors","4.3 inches, 51.0 cm2 (~60.0% screen-to-body ratio)","540 x 960 pixels, 16:9 ratio (~256 ppi density)",Android 4.0.3 (Ice Cream Sandwich),Mediatek MT6575 (40 nm),1.0 GHz Cortex-A9,"microSD, up to 32 GB (dedicated slot)","4 GB, 1 GB RAM","5 MP, AF",Yes,,,Yes,Yes,"Wi-Fi 802.11 b/g/n, Wi-Fi Direct, hotspot","3.0, A2DP, EDR","Yes, with A-GPS",FM radio,microUSB 2.0,"Accelerometer, proximity",Active noise cancellation with dedicated mic,,"Gentle Black, Ceramic White",About 140 EUR,HSDPA 900 / 2100,,HSPA,PowerVR SGX531,LED flash,Removable Li-Ion 1500 mAh battery,,,,,,,,,,,,,,,,
acer,Acer Liquid Glow E330,https://cdn2.gsmarena.com/vv/bigpic/acer-liquid-glow.jpg,GSM / HSPA,GSM 900 / 1800 / 1900,Yes,Yes,"2012, February. Released 2012, August",Discontinued,117 x 58.5 x 11.5 mm (4.61 x 2.30 x 0.45 in),125 g (4.41 oz),Mini-SIM,No,TFT capacitive touchscreen,"3.7 inches, 39.0 cm2 (~56.9% screen-to-body ratio)","480 x 800 pixels, 5:3 ratio (~252 ppi density)",Android 4.0 (Ice Cream Sandwich),Qualcomm MSM7227A Snapdragon S1,1.0 GHz Cortex-A5,"microSD, up to 32 GB (dedicated slot)","1 GB, 512 MB RAM","5 MP, AF",Yes,,,Yes,Yes,"Wi-Fi 802.11 b/g/n, hotspot","3.0, A2DP, EDR","Yes, with A-GPS",FM radio,microUSB 2.0,"Accelerometer, proximity, compass",Active noise cancellation with dedicated mic,,"Black, White, Pink",About 120 EUR,HSDPA 900 / 2100,,HSPA,Adreno 200,LED flash,Removable Li-Ion 1300 mAh battery,,,,,,,,,,,Yes,1.68 W/kg (head)     0.86 W/kg (body),,,,
acer,Acer CloudMobile S500,https://cdn2.gsmarena.com/vv/bigpic/Acer-CloudMobile.jpg,GSM / HSPA,GSM 850 / 900 / 1800 / 1900,Yes,Yes,"2012, February. Released 2012, September",Discontinued,127 x 65.8 x 9.9 mm (5.0 x 2.59 x 0.39 in),122 (4.30 oz),Micro-SIM,HD,"IPS LCD capacitive touchscreen, 16M colors","4.3 inches, 51.0 cm2 (~61.0% screen-to-body ratio)","720 x 1280 pixels, 16:9 ratio (~342 ppi density)",Android 4.0 (Ice Cream Sandwich),Qualcomm MSM8260A Snapdragon S4 Plus,Dual-core 1.5 GHz Krait,"microSD, up to 32 GB (dedicated slot)","8 GB, 1 GB RAM","8 MP, AF",1080p@30fps,,,Yes,Yes,"Wi-Fi 802.11 b/g/n, DLNA, hotspot","4.0, A2DP","Yes, with A-GPS",FM radio,microUSB 2.0,"Accelerometer, proximity, compass",Dolby Mobile Active noise cancellation with dedicated mic,,Black,About 220 EUR,HSDPA 900 / 1900 / 2100,,HSPA,Adreno 225,"LED flash, HDR",Removable Li-Ion 1460 mAh battery,,,,Contrast ratio: 1063:1 (nominal) / 1.931:1 (sunlight),Photo / Video,Voice 59dB / Noise 58dB / Ring 66dB,Noise -81.6dB / Crosstalk -80.0dB,Endurance rating 30h,,,Yes,,,,,
acer,Acer Iconia Tab A210,https://cdn2.gsmarena.com/vv/bigpic/acer-iconia-tab-a200.jpg,No cellular connectivity,N/A,No,No,"2012, Q3. Released 2012, November",Discontinued,259.1 x 175.3 x 12.2 mm (10.20 x 6.90 x 0.48 in),685 g (1.51 lb),No,Acer UI,"TFT capacitive touchscreen, 256K colors","10.1 inches, 295.8 cm2 (~65.1% screen-to-body ratio)","800 x 1280 pixels, 16:10 ratio (~149 ppi density)","Android 4.0 (Ice Cream Sandwich), upgradable to 4.1 (Jelly Bean)",Nvidia Tegra 3,Quad-core 1.2 GHz,"microSD, up to 32 GB (dedicated slot)","8/16 GB, 1 GB RAM",2 MP,Yes,,,"Yes, with stereo speakers",Yes,"Wi-Fi 802.11 b/g/n, hotspot","2.1, EDR","Yes, with GLONASS",No,"microUSB 2.0, USB 2.0, USB Host","Accelerometer, gyro",No,Up to 8 h (multimedia),Titanium Gray,About 260 EUR,,,,ULP GeForce,,Non-removable Li-Po 3260 mAh battery,,,,,,,,,,,,,,,,
acer,Acer Iconia Tab A200,https://cdn2.gsmarena.com/vv/bigpic/acer-iconia-tab-a200.jpg,No cellular connectivity,N/A,No,No,"2012, January. Released 2012, January",Discontinued,260 x 175 x 12.4 mm (10.24 x 6.89 x 0.49 in),700 g (1.54 lb),No,Acer UI,"Capacitive touchscreen, 16M colors","10.1 inches, 295.8 cm2 (~65.0% screen-to-body ratio)","800 x 1280 pixels, 16:10 ratio (~149 ppi density)","Android 3.2 (Honeycomb), upgradable to 4.0 (Ice Cream Sandwich)",Nvidia Tegra 2 T20,Dual-core 1.0 GHz Cortex-A9,"microSD, up to 32 GB (dedicated slot)","8/16 GB, 1 GB RAM",2 MP,Yes,,,Yes,Yes,"Wi-Fi 802.11 b/g/n, hotspot","2.1, A2DP, EDR",Yes,No,"microUSB 2.0, USB 2.0, USB Host","Accelerometer, gyro",No,Up to 8 h (multimedia),Black,About 200 EUR,,,,ULP GeForce,,Non-removable Li-Po 3260 mAh battery,,,,,,,,,,,,,,,,
acer,Acer Iconia Tab A701,https://cdn2.gsmarena.com/vv/bigpic/acer-iconia-tab-a700.jpg,GSM / HSPA,GSM 850 / 900 / 1800 / 1900,Class 10,Class 10,"2012, January. Released 2012, July",Discontinued,259.8 x 175 x 10.9 mm (10.23 x 6.89 x 0.43 in),667 g (1.47 lb),Mini-SIM,Dolby Mobile 3,"LCD capacitive touchscreen, 16M colors","10.1 inches, 295.8 cm2 (~65.1% screen-to-body ratio)","1920 x 1200 pixels, 16:10 ratio (~224 ppi density)",Android 4.0 (Ice Cream Sandwich),Nvidia Tegra 3,Quad-core 1.3 GHz Cortex-A9,"microSD, up to 32 GB (dedicated slot)","16/32/64 GB, 1 GB RAM","5 MP, AF",720p,Yes,,"Yes, with stereo speakers",Yes,"Wi-Fi 802.11 a/b/g/n, dual-band, hotspot, DLNA","2.1, A2DP, EDR","Yes, with A-GPS",No,"microUSB 2.0, USB 2.0","Accelerometer, gyro, compass",HDMI port MP3/WAV/WMA/eAAC+ player XviD/MP4/H.264 player Organizer Document viewer Predictive text input,Up to 12 h (multimedia),Titanium Gray,About 380 EUR,HSDPA 900 / 2100,,HSPA 21.1/5.76 Mbps,ULP GeForce,LED flash,Non-removable Li-Po 9800 mAh battery (36 Wh),,,,,,,,,,,,,,,,
acer,Acer Iconia Tab A700,https://cdn2.gsmarena.com/vv/bigpic/acer-iconia-tab-a700.jpg,No cellular connectivity,N/A,No,No,"2012, January. Released 2012, August",Discontinued,259 x 175 x 11 mm (10.20 x 6.89 x 0.43 in),665 g (1.47 lb),No,Dolby Mobile 3,"LCD capacitive touchscreen, 16M colors","10.1 inches, 295.8 cm2 (~65.3% screen-to-body ratio)","1920 x 1200 pixels, 16:10 ratio (~224 ppi density)",Android 4.0 (Ice Cream Sandwich),Nvidia Tegra 3,Quad-core 1.3 GHz,"microSD, up to 32 GB (dedicated slot)","16/32/64 GB, 1 GB RAM","5 MP, AF",720p,Yes,,"Yes, with stereo speakers",Yes,Wi-Fi 802.11 b/g/n,"2.1, EDR","Yes, with A-GPS",No,"microUSB 2.0, USB 2.0","Accelerometer, gyro, compass",HDMI port MP3/WAV/WMA/eAAC+ player XviD/MP4/H.264 player Organizer Document viewer Predictive text input,Up to 10 h (multimedia),"Titanium Gray, Metallic Red",About 230 EUR,,,,ULP GeForce,LED flash,Non-removable Li-Ion 9800 mAh battery,,,,,,,,,,,,,,,,
acer,Acer Iconia Tab A511,https://cdn2.gsmarena.com/vv/bigpic/acer-iconia-tab-a510.jpg,GSM / HSPA,GSM 850 / 900 / 1800 / 1900,Yes,Yes,"2012, February. Released 2012, August",Discontinued,260 x 175 x 11 mm (10.24 x 6.89 x 0.43 in),777 g (1.71 lb),Mini-SIM,Dolby Mobile Active noise cancellation with dedicated mic,"TFT capacitive touchscreen, 256K colors","10.1 inches, 295.8 cm2 (~65.0% screen-to-body ratio)","1280 x 800 pixels, 16:10 ratio (~149 ppi density)",Android 4.0 (Ice Cream Sandwich),Nvidia Tegra 3,Quad-core 1.3 GHz Cortex-A9,"microSD, up to 32 GB (dedicated slot)","16/32 GB, 1 GB RAM","5 MP, AF",720p,1 MP,,"Yes, with stereo speakers",Yes,"Wi-Fi 802.11 b/g/n, hotspot","2.1, A2DP, EDR","Yes, with A-GPS",No,microUSB 2.0,"Accelerometer, gyro, proximity, compass",HDMI port MP3/WAV/WMA/eAAC+ player MP4/H.264 player Organizer Document viewer Predictive text input,Up to 15 h (multimedia),"Black, Silver",About 250 EUR,HSDPA 850 / 900 / 1900 / 2100,,HSPA 7.2/5.76 Mbps,ULP GeForce,,Non-removable Li-Po 9800 mAh battery (36 Wh),,,,,,,,,,,,,,,,
acer,Acer Iconia Tab A510,https://cdn2.gsmarena.com/vv/bigpic/acer-iconia-tab-a510-new.jpg,No cellular connectivity,N/A,No,No,"2012, February. Released 2012, April",Discontinued,259.1 x 175.3 x 10.2 mm (10.20 x 6.90 x 0.40 in),680 g (1.50 lb),No,Dolby Mobile Active noise cancellation with dedicated mic,"TFT capacitive touchscreen, 256K colors","10.1 inches, 295.8 cm2 (~65.1% screen-to-body ratio)","1280 x 800 pixels, 16:10 ratio (~149 ppi density)",Android 4.0 (Ice Cream Sandwich),Nvidia Tegra 3,Quad-core 1.3 GHz Cortex-A9,"microSD, up to 32 GB (dedicated slot)","16/32 GB, 1 GB RAM","5 MP, AF",720p,1 MP,,"Yes, with stereo speakers",Yes,Wi-Fi 802.11 b/g/n,"2.1, A2DP, EDR",Yes,No,microUSB 2.0,"Accelerometer, gyro, compass",HDMI port MP3/WAV/WMA/eAAC+ player MP4/H.264 player Organizer Office document editor Predictive text input,Up to 15 h (multimedia),"Black, Silver",About 230 EUR,,,,ULP GeForce,,Non-removable Li-Po 9800 mAh battery (36 Wh),,,,,,,,,,,,,,,,
acer,Acer Allegro,https://cdn2.gsmarena.com/vv/bigpic/acer-allego.jpg,GSM / HSPA,GSM 850 / 900 / 1800 / 1900,Yes,Yes,"2011, October. Released 2011, November",Discontinued,116 x 59 x 13 mm (4.57 x 2.32 x 0.51 in),126 g (4.44 oz),Mini-SIM,HSDPA 850 / 1900,"TFT capacitive touchscreen, 16M colors","3.6 inches, 36.9 cm2 (~53.9% screen-to-body ratio)","480 x 800 pixels, 5:3 ratio (~259 ppi density)",Microsoft Windows Phone 7.5 Mango,Qualcomm MSM8255 Snapdragon S2,1.0 GHz Scorpion,No,8 GB,"5 MP, AF",Yes,,,Yes,Yes,"Wi-Fi 802.11 b/g/n, DLNA","2.1, A2DP, EDR","Yes, with A-GPS",No,microUSB 2.0,"Accelerometer, proximity, compass",No,Up to 6 h,"Black, White",About 140 EUR,HSDPA 900 / 2100,,HSPA,Adreno 205,,Removable Li-Ion 1300 mAh battery,,,,,,,,,,,,,,,HTML5,
acer,Acer Liquid Express E320,https://cdn2.gsmarena.com/vv/bigpic/acer-c6-liquid-express.jpg,GSM / HSPA,GSM 850 / 900 / 1800 / 1900,Yes,Yes,"2011, September. Released 2011, November",Discontinued,115 x 60.8 x 13.4 mm (4.53 x 2.39 x 0.53 in),138 g (4.87 oz),Mini-SIM,Touch sensitive controls Acer UI,"TFT capacitive touchscreen, 256K colors","3.5 inches, 33.8 cm2 (~48.3% screen-to-body ratio)","320 x 480 pixels, 16:9 ratio (~210 ppi density)",Android 2.3 (Gingerbread),Qualcomm MSM7227T-1 Snapdragon S1,800MHz ARM 11,"microSD, up to 32 GB (dedicated slot), 2 GB included","512 MB RAM, 512 MB","5 MP, AF",Yes,,,Yes,Yes,"Wi-Fi 802.11 b/g/n, hotspot","2.1, A2DP, EDR","Yes, with A-GPS","Stereo FM radio, RDS",microUSB 2.0,"Accelerometer, proximity",No,Up to 8 h (2G) / Up to 6 h 40 min (3G),Black,About 90 EUR,HSDPA 900 / 2100,,HSPA,Adreno 200,LED flash,Removable Li-Ion battery,,Up to 400 h (2G) / Up to 480 h (3G),,,,,,,,,Region specific,,,,,
acer,Acer Iconia Tab A501,https://cdn2.gsmarena.com/vv/bigpic/Acer-IconiaTab-A500-Tablet-new.jpg,GSM / HSPA,GSM 850 / 900 / 1800 / 1900,Yes,Yes,"2011, February. Released 2011, April",Discontinued,260 x 177 x 13.3 mm (10.24 x 6.97 x 0.52 in),777 g (1.71 lb),Mini-SIM,Acer UI,"LCD capacitive touchscreen, 256K colors","10.1 inches, 295.8 cm2 (~64.3% screen-to-body ratio)","800 x 1280 pixels, 16:10 ratio (~149 ppi density)","Android 3.0 (Honeycomb), upgradable to 3.2 (Honeycomb)",Nvidia Tegra 2 T20,Dual-core 1.0 GHz Cortex-A9,"microSD, up to 32 GB (dedicated slot)","16/32/64 GB, 1 GB RAM","5 MP, AF",Yes,2 MP,,"Yes, with stereo speakers",Yes,"Wi-Fi 802.11 b/g/n, hotspot","2.1, A2DP, EDR","Yes, with A-GPS",No,"microUSB 2.0, USB 2.0","Accelerometer, gyro, proximity, compass",Dolby mobile Active noise cancellation with dedicated mic,Up to 8 h,Black,About 490 EUR,HSDPA 900 / 2100,,HSPA 21.1/5.76 Mbps,ULP GeForce,LED flash,Non-removable Li-Po 3260 mAh battery (24.1 Wh),,Up to 400 h,,,,,,,,,,,,,"HTML, Adobe Flash",
acer,Acer Iconia Smart,https://cdn2.gsmarena.com/vv/bigpic/acer-iconia-smart-new.jpg,GSM / HSPA,GSM 850 / 900 / 1800 / 1900,Yes,Yes,"2011, February. Released 2011, August",Discontinued,141.7 x 64.5 x 13.6 mm (5.58 x 2.54 x 0.54 in),185 g (6.53 oz),Mini-SIM,HSDPA 850 / 1900 / 2100 - American version,"TFT capacitive touchscreen, 16M colors","4.8 inches, 57.1 cm2 (~62.5% screen-to-body ratio)",480 x 1024 pixels (~236 ppi density),Android 2.3 (Gingerbread),Qualcomm MSM8255-1 Snapdragon S2,1.0 GHz Scorpion,"microSD, up to 32 GB (dedicated slot)","8 GB, 512 MB RAM","8 MP, AF",720p@30fps,2 MP,,Yes,Yes,"Wi-Fi 802.11 b/g/n, UPnP, DLNA, hotspot","2.1, A2DP, EDR","Yes, with A-GPS","Stereo FM radio, RDS",microUSB 2.0,"Accelerometer, gyro, proximity",Acer UI 4.2,Up to 11 h (2G) / Up to 8 h (3G),Silver,About 220 EUR,HSDPA 900 / 1900 / 2100,,HSPA 14.4/5.76 Mbps,Adreno 205,LED flash,Removable Li-Po 1500 mAh battery,,Up to 450 h (2G) / Up to 500 h (3G),,,,,,,Corning Gorilla Glass,,,,,,"HTML, Adobe Flash",
acer,Acer Iconia Tab A500,https://cdn2.gsmarena.com/vv/bigpic/Acer-IconiaTab-A500-Tablet-new.jpg,No cellular connectivity,N/A,No,No,"2011, February. Released 2011, April",Discontinued,260 x 177 x 13.3 mm (10.24 x 6.97 x 0.52 in),730 g (1.61 lb),No,Acer UI,"LCD capacitive touchscreen, 256K colors","10.1 inches, 295.8 cm2 (~64.3% screen-to-body ratio)","800 x 1280 pixels, 16:10 ratio (~149 ppi density)","Android 3.0, upgradable to 4.0 (Ice Cream Sandwich)",Nvidia Tegra 2 T20,Dual-core 1.0 GHz Cortex-A9,"microSD, up to 32 GB (dedicated slot)","16/32 GB, 1 GB RAM","5 MP, AF",Yes,2 MP,,"Yes, with stereo speakers",Yes,"Wi-Fi 802.11 b/g/n, hotspot","2.1, A2DP, EDR",Yes,No,"microUSB 2.0, USB 2.0","Accelerometer, gyro, proximity",HDMI port MP3/WAV/WMA/eAAC+ player XviD/MP4/H.264 player Organizer Document viewer  Predictive text input,Up to 6 h,Black,About 200 EUR,,,,ULP GeForce,LED flash,Non-removable Li-Po 3260 mAh battery,,Up to 200 h,,,,,,,,,,,,,"HTML, Adobe Flash",
acer,Acer Iconia Tab A101,https://cdn2.gsmarena.com/vv/bigpic/acer-iconia-tab-a100.jpg,GSM / HSPA,GSM 850 / 900 / 1800 / 1900,Yes,Yes,"2011, February. Released 2011, May",Discontinued,195 x 117 x 13.1 mm (7.68 x 4.61 x 0.52 in),470 g (1.04 lb),Mini-SIM,Acer UI,"LCD capacitive touchscreen, 16M colors","7.0 inches, 137.9 cm2 (~60.4% screen-to-body ratio)","600 x 1024 pixels, 16:9 ratio (~170 ppi density)",Android 3.2 (Honeycomb),Nvidia Tegra 2 T20,Dual-core 1.0 GHz Cortex-A9,"microSD, up to 32 GB (dedicated slot)","8/16 GB, 1 GB RAM","5 MP, AF",720p@30fps,2 MP,,"Yes, with stereo speakers",Yes,"Wi-Fi 802.11 b/g/n, hotspot","2.1, A2DP, EDR","Yes, with A-GPS",No,microUSB 2.0,"Accelerometer, gyro, compass",Dolby mobile,,"Black/Red, Black/Blue",About 260 EUR,HSDPA 850 / 900 / 1900 / 2100,,HSPA 21.1/5.76 Mbps,ULP GeForce,LED flash,Non-removable Li-Po 1530 mAh battery,,,,,,,,,,,,,,,"HTML, Adobe Flash",
acer,Acer Iconia Tab A100,https://cdn2.gsmarena.com/vv/bigpic/acer-iconia-tab-a100.jpg,No cellular connectivity,N/A,No,No,"2011, February. Released 2011, April",Discontinued,195 x 117 x 13.1 mm (7.68 x 4.61 x 0.52 in),450 g (0.99 lb),No,Acer UI,"LCD capacitive touchscreen, 16M colors","7.0 inches, 137.9 cm2 (~60.4% screen-to-body ratio)","600 x 1024 pixels, 16:9 ratio (~170 ppi density)","Android 3.0, upgradable to 4.0 (Ice Cream Sandwich)",Nvidia Tegra 2 T20,Dual-core 1.0 GHz Cortex-A9,"microSD, up to 32 GB (dedicated slot)","8/16 GB, 1 GB RAM","5 MP, AF",720p@30fps,2 MP,,"Yes, with stereo speakers",Yes,"Wi-Fi 802.11 b/g/n, hotspot","2.1, A2DP, EDR",Yes,No,microUSB 2.0,"Accelerometer, gyro, compass",Dolby mobile,,"Black/Red, Black/Blue",About 100 EUR,,,,ULP GeForce,LED flash,Non-removable Li-Po 1530 mAh battery,,,,,,,,,,,,,,,"HTML, Adobe Flash",
acer,Acer Liquid mini E310,https://cdn2.gsmarena.com/vv/bigpic/acer-liquidmini.jpg,GSM / HSPA,GSM 850 / 900 / 1800 / 1900,Yes,Yes,"2011, January. Released 2011, April",Discontinued,110.4 x 57.5 x 13 mm (4.35 x 2.26 x 0.51 in),108 g (3.81 oz),Mini-SIM,HSDPA 850 / 1900 - American version,"TFT capacitive touchscreen, 256K colors","3.2 inches, 30.5 cm2 (~48.0% screen-to-body ratio)","320 x 480 pixels, 3:2 ratio (~180 ppi density)","Android 2.2 (Froyo), upgradable to 2.3 (Gingerbread)",Qualcomm MSM7227-1 Snapdragon S1,600 MHz ARM 11,"microSD, up to 32 GB (dedicated slot), 2 GB included","512 MB RAM, 512 MB",5 MP,480p@30fps,,,Yes,Yes,"Wi-Fi 802.11 b/g, DLNA, hotspot","2.1, A2DP, EDR","Yes, with A-GPS","Stereo FM radio, RDS",microUSB 2.0,"Accelerometer, proximity, compass",Touch sensitive controls Acer UI,Up to 8 h (2G) / Up to 6 h 30 min (3G),"blue, pink, silver, black, green, lagoon, cherry, pearl, steel",About 120 EUR,HSDPA 900 / 2100,,HSPA 7.2/0.384 Mbps,Adreno 200,,Removable Li-Ion 1300 mAh battery,,Up to 400 h (2G) / Up to 480 h (3G),,,,,,,,,,,,,HTML,
acer,Acer beTouch E210,https://cdn2.gsmarena.com/vv/bigpic/acer-betouch-e210.jpg,GSM / HSPA,GSM 850 / 900 / 1800 / 1900,Yes,Yes,"2011, January. Released 2011, Q2",Discontinued,116 x 63 x 12 mm (4.57 x 2.48 x 0.47 in),109 g (3.84 oz),Mini-SIM,HSDPA 850 / 1900,"TFT resistive touchscreen, 256K colors","2.6 inches, 20.9 cm2 (~28.6% screen-to-body ratio)","320 x 240 pixels, 4:3 ratio (~154 ppi density)",Android 2.2 (Froyo),Qualcomm MSM7227 Snapdragon S1,600 MHz ARM 11,"microSD, up to 32 GB (dedicated slot)","256 MB RAM, 512 MB",3.15 MP,Yes,,,Yes,Yes,"Wi-Fi 802.11 b/g, hotspot","2.1, A2DP, EDR","Yes, with A-GPS",Stereo FM radio,microUSB 2.0,"Accelerometer, compass",Optical trackpad,,"Black, White",About 150 EUR,HSDPA 900 / 2100,,HSPA 7.2/2 Mbps,Adreno 200,,Removable Li-Ion 1300 mAh battery,,,,,,,,,,,,0.92 W/kg (head),,0.92 W/kg (head)     0.88 W/kg (body),HTML,QWERTY
acer,Acer beTouch E140,https://cdn2.gsmarena.com/vv/bigpic/Acer-beTouch-E140-ofic.jpg,GSM / HSPA,GSM 850 / 900 / 1800 / 1900,Yes,Yes,"2010, December. Released 2010, December",Discontinued,104.5 x 55.8 x 12.8 mm (4.11 x 2.20 x 0.50 in),95 g (3.35 oz),Mini-SIM,No,"TFT resistive touchscreen, 256K colors","2.8 inches, 24.3 cm2 (~41.6% screen-to-body ratio)","240 x 320 pixels, 4:3 ratio (~143 ppi density)",Android 2.2 (Froyo),Qualcomm MSM7227 Snapdragon S1,600 MHz ARM 11,"microSD, up to 32 GB (dedicated slot)","256 MB RAM, 512 MB",3.15 MP,Yes,,,Yes,Yes,"Wi-Fi 802.11 b/g, hotspot","2.1, A2DP, EDR","Yes, with A-GPS","Stereo FM radio, RDS",microUSB 2.0,"Accelerometer, compass",MP3/WAV/WMA/eAAC+ player MP4/WMV/H.264 player Organizer Voice memo Predictive text input,Up to 6 h (2G) / Up to 5 h (3G),Black,About 110 EUR,HSDPA 900 / 2100,,HSPA 7.2/2 Mbps,Adreno 200,,Removable Li-Ion 1300 mAh battery,,Up to 400 h (2G) / Up to 500 h (3G),,,,,,,,,,,,,HTML,
acer,Acer beTouch T500,https://cdn2.gsmarena.com/vv/bigpic/acer-betouch-t500.jpg,GSM,GSM 900 / 1800 / 1900,Class 10,Class 10,"2010, October. Released 2010, Q4",Discontinued,118.5 x 58 x 13.5 mm (4.67 x 2.28 x 0.53 in),130 g (4.59 oz),Mini-SIM,TD-SCDMA,TFT touchscreen,"3.2 inches, 30.5 cm2 (~44.4% screen-to-body ratio)","320 x 480 pixels, 3:2 ratio (~180 ppi density)",Android-based OPhone 1.5,,,"microSD, up to 32 GB (dedicated slot)","256 MB RAM, 512 MB",3.15 MP,Yes,,,Yes,No,Wi-Fi 802.11 b/g,"2.1, A2DP","Yes, with A-GPS",No,microUSB 2.0,Accelerometer,,,Black,About 70 EUR,,,TD-SCDMA,,,Removable Li-Ion 1500 mAh battery,,,,,,,,,,,,,,,HTML,
acer,Acer Liquid mt,https://cdn2.gsmarena.com/vv/bigpic/acer-liquid-metal-ofic.jpg,GSM / HSPA,GSM 850 / 900 / 1800 / 1900,Yes,Yes,"2010, October. Released 2010, November",Discontinued,115 x 63 x 13.5 mm (4.53 x 2.48 x 0.53 in),135 g (4.76 oz),Mini-SIM,Acer UI 4.0 Breeze,"TFT capacitive touchscreen, 16M colors","3.6 inches, 36.9 cm2 (~50.9% screen-to-body ratio)","480 x 800 pixels, 5:3 ratio (~259 ppi density)",Android 2.2 (Froyo),Qualcomm MSM7230,800 MHz Scorpion,"microSD, up to 32 GB (dedicated slot)","512 MB RAM, 512 MB","5 MP, AF",720p@30fps,,,Yes,Yes,"Wi-Fi 802.11 b/g/n, UPnP, hotspot","2.1, A2DP","Yes, with A-GPS",No,microUSB 2.0,"Accelerometer, proximity, compass",No,Up to 11 h (2G) / Up to 8 h (3G),Silver,About 70 EUR,HSDPA 850 / 1900 / 2100,,HSPA 14.4/2 Mbps,Adreno 205,LED flash,Removable Li-Ion 1500 mAh battery,,Up to 450 h (2G) / Up to 550 h (3G),,,,,,,,,,,,,"HTML, Adobe Flash",
acer,Acer beTouch E130,https://cdn2.gsmarena.com/vv/bigpic/acer-130-ofic.jpg,GSM / HSPA,GSM 850 / 900 / 1800 / 1900,Class 10,Class 10,"2010, June. Released 2010, August",Discontinued,115 x 62.5 x 11.5 mm (4.53 x 2.46 x 0.45 in),109 g (3.84 oz),Mini-SIM,HSDPA 850 / 1900,"TFT touchscreen, 65K colors","2.6 inches, 20.9 cm2 (~29.1% screen-to-body ratio)","320 x 240 pixels, 4:3 ratio (~154 ppi density)",Android 1.6 (Donut),ST Ericsson PNX6715,416 MHz,"microSD, up to 32 GB (dedicated slot)","256 MB RAM, 512 MB",3.15 MP,Yes,,,Yes,Yes,Wi-Fi 802.11 b/g,"2.0, A2DP","Yes, with A-GPS","Stereo FM radio, RDS",microUSB 2.0,"Accelerometer, compass",Optical trackpad,Up to 6 h,"Black, White",About 90 EUR,HSDPA 900 / 2100,,HSPA 3.6/0.384 Mbps,,,Removable Li-Ion 1500 mAh battery,,Up to 600 h,,,,,,,,,,,,,HTML,QWERTY
acer,Acer beTouch E120,https://cdn2.gsmarena.com/vv/bigpic/acer-e120.jpg,GSM / HSPA,GSM 850 / 900 / 1800 / 1900,Class 10,Class 10,"2010, June. Released 2010, Q3",Discontinued,104.5 x 54 x 13.2 mm (4.11 x 2.13 x 0.52 in),105 g (3.70 oz),Mini-SIM,HSDPA 850 / 1900,TFT capacitive touchscreen,"2.8 inches, 24.3 cm2 (~43.0% screen-to-body ratio)","240 x 320 pixels, 4:3 ratio (~143 ppi density)",Android 1.6 (Donut),,"ST Ericsson PNX6715, 416 MHz","microSD, up to 32 GB (dedicated slot)","256 MB RAM, 512 MB",3.15 MP,Yes,,,Yes,Yes,Wi-Fi 802.11 b/g,"2.0, A2DP","Yes, with A-GPS","Stereo FM radio, RDS",microUSB 2.0,"Accelerometer, compass",No,Up to 6 h,"Black, White",About 70 EUR,HSDPA 900 / 2100,,HSPA 3.6/0.384 Mbps,,,Removable Li-Ion 1500 mAh battery,,Up to 600 h,,,,,,,,,,,,,HTML,
acer,Acer Stream,https://cdn2.gsmarena.com/vv/bigpic/acer-liquid-stream-ofic.jpg,GSM / HSPA,GSM 850 / 900 / 1800 / 1900,Class 10,Class 10,"2010, May. Released 2010, August",Discontinued,119.5 x 63 x 11.2 mm (4.70 x 2.48 x 0.44 in),140 g (4.94 oz),Mini-SIM,HSDPA 900 / 1900 / 2100,"AMOLED capacitive touchscreen, 16M colors","3.7 inches, 39.0 cm2 (~51.8% screen-to-body ratio)","480 x 800 pixels, 5:3 ratio (~252 ppi density)",Android 2.1 (Eclair),Qualcomm QSD8250 Snapdragon S1,1.0 GHz Scorpion,"microSD, up to 32 GB (dedicated slot), 8 GB included","2 GB, 512 MB RAM","5 MP, AF",720p@24fps,,,Yes,Yes,"Wi-Fi 802.11 b/g/n, DLNA & UPnP technology","2.1, A2DP","Yes, with A-GPS","Stereo FM radio, RDS",microUSB 2.0,"Accelerometer, proximity, compass",Acer Touch 3D UI v4.0,Up to 5 h (3G),Black,About 130 EUR,HSDPA 850 / 1900 / 2100,,HSPA 7.2/2 Mbps,Adreno 200,,Removable Li-Ion 1400 mAh battery,,Up to 400 h (3G),,,Photo,Voice 63dB / Noise 65dB / Ring 75dB,,,,,,,,,HTML,
acer,Acer Liquid E,https://cdn2.gsmarena.com/vv/bigpic/acer-liquid-e-new.jpg,GSM / HSPA,GSM 850 / 900 / 1800 / 1900,Class 10,Class 10,"2010, February. Released 2010, August",Discontinued,115 x 62.5 x 12.5 mm (4.53 x 2.46 x 0.49 in),135 g (4.76 oz),Mini-SIM,Acer UI 3.0,"TFT capacitive touchscreen, 256K colors","3.5 inches, 34.9 cm2 (~48.5% screen-to-body ratio)","480 x 800 pixels, 5:3 ratio (~267 ppi density)","Android 2.1 (Eclair), upgradable to Android 2.2 (Froyo)",Qualcomm QSD8250 Snapdragon S1,768 MHz Scorpion,"microSD, up to 32 GB (dedicated slot)","512 MB RAM, 512 MB","5 MP, AF",480p@20fps,,,Yes,Yes,Wi-Fi 802.11 b/g,"2.0, A2DP","Yes, with A-GPS",No,miniUSB,"Accelerometer, proximity",No,Up to 5 h,"Black, White, Red, Ferrari edition",About 90 EUR,HSDPA 900 / 1900 / 2100,,HSPA 7.2/2 Mbps,Adreno 200,,Removable Li-Ion 1350 mAh battery,,Up to 400 h,,,,,,,,,,,,,"HTML, Adobe Flash",
acer,Acer neoTouch P400,https://cdn2.gsmarena.com/vv/bigpic/acer-neotouch-p400.jpg,GSM / HSPA,GSM 850 / 900 / 1800 / 1900,Class 10,Class 10,"2010, February. Released 2010, May",Discontinued,115 x 59.3 x 12 mm (4.53 x 2.33 x 0.47 in),125 g (4.41 oz),Mini-SIM,HSDPA 850 / 900 / 2100,"TFT resistive touchscreen, 256K colors","3.2 inches, 30.5 cm2 (~44.7% screen-to-body ratio)","320 x 480 pixels, 3:2 ratio (~180 ppi density)",Microsoft Windows Mobile 6.5.3 Professional,Qualcomm MSM7227 Snapdragon S1,600 MHz ARM 11,microSD (dedicated slot),"256 MB RAM, 512 MB ROM","3.15 MP, AF",Yes,,,Yes,Yes,Wi-Fi 802.11 b/g,"2.1, A2DP","Yes, with A-GPS",Stereo FM radio,2.0,"Accelerometer, compass",No,Up to 5 h,Black,About 100 EUR,HSDPA 900 / 2100,,HSPA,Adreno 200,,Removable Li-Po 1090 mAh battery,,Up to 400 h,,,,,,,,,,,,,"WAP 2.0/xHTML, HTML",
acer,Acer beTouch E400,https://cdn2.gsmarena.com/vv/bigpic/acer-betouch-e400.jpg,GSM / HSPA,GSM 850 / 900 / 1800 / 1900,Class 10,Class 10,"2010, February. Released 2010, April",Discontinued,115 x 59.3 x 12 mm (4.53 x 2.33 x 0.47 in),125 g (4.41 oz),Mini-SIM,HSDPA 850 / 900 / 2100,"TFT resistive touchscreen, 256K colors","3.2 inches, 30.5 cm2 (~44.7% screen-to-body ratio)","320 x 480 pixels, 3:2 ratio (~180 ppi density)",Android 2.1 (Eclair),Qualcomm MSM7227 Snapdragon S1,600 MHz ARM 11,microSD (dedicated slot),"256 MB RAM, 512 MB","3.15 MP, AF",Yes,,,Yes,Yes,Wi-Fi 802.11 b/g,"2.0, A2DP","Yes, with A-GPS",Stereo FM radio,2.0,"Accelerometer, compass",Digital compass Acer UI,Up to 5 h,"Soft-touch Black, Ceramic White and Pearl Red with 3 exchangeable battery covers",About 80 EUR,HSDPA 900 / 2100,,HSPA 3.6/0.384 Mbps,Adreno 200,,Removable Li-Po 1090 mAh battery,,Up to 400 h,,,,,,,,,,,,,HTML,
acer,Acer neoTouch P300,https://cdn2.gsmarena.com/vv/bigpic/acer-p300.jpg,GSM / HSPA,GSM 850 / 900 / 1800 / 1900,Class 10,Class 10,"2010, February. Released 2010, Q2",Discontinued,110 x 55 x 15.1 mm (4.33 x 2.17 x 0.59 in),130.6g (4.59 oz),Mini-SIM,No,"TFT resistive touchscreen, 65K colors","3.2 inches, 29.1 cm2 (~48.2% screen-to-body ratio)","240 x 400 pixels, 5:3 ratio (~146 ppi density)",Microsoft Windows Mobile 6.5.3,Qualcomm MSM7225 Snapdragon S1,528 MHz ARM 11,microSD (dedicated slot),"256 MB RAM, 512 MB ROM","3.15 MP, AF",Yes,,,Yes,Yes,Wi-Fi 802.11 b/g,"2.0, A2DP","Yes, with A-GPS",No,2.0,Accelerometer,MP3/WAV/WMA/eAAC+ player MP4/WMV/H.264 player Pocket Office  Voice memo Predictive text input,Up to 4 h,Black,About 80 EUR,HSDPA 2100,,HSPA 7.2/2 Mbps,No,,Removable Li-Po 970 mAh battery,,Up to 400 h,,,,,,,,,,,,,HTML,QWERTY
acer,Acer beTouch E110,https://cdn2.gsmarena.com/vv/bigpic/acer-e110.jpg,GSM / HSPA,GSM 850 / 900 / 1800 / 1900,Class 10,Class 10,"2010, February. Released 2010, March",Discontinued,103.5 x 54 x 13.4 mm (4.07 x 2.13 x 0.53 in),105 g (3.70 oz),Mini-SIM,HSDPA 850 / 1900,"TFT resistive touchscreen, 256K colors (65K effective)","2.8 inches, 24.3 cm2 (~43.4% screen-to-body ratio)","240 x 320 pixels, 4:3 ratio (~143 ppi density)",Android 1.5 (Cupcake),,ST Ericsson PNX6715 416MHz,microSD (dedicated slot),"256 MB RAM, 256 MB",3.15 MP,Yes,,,Yes,Yes,No,"2.0, A2DP","Yes, with A-GPS",Stereo FM radio,2.0,,No,,"Black, Dark Blue",About 70 EUR,HSDPA 900 / 2100,,HSPA 3.6/0.384 Mbps,,,Removable Li-Ion 1500 mAh battery,,,,,,,,,,,,,,,HTML,
acer,Acer Liquid,https://cdn2.gsmarena.com/vv/bigpic/acer-liquid-new.jpg,GSM / HSPA,GSM 850 / 900 / 1800 / 1900,Class 10,Class 10,"2009, October. Released 2009, December",Discontinued,115 x 62.5 x 12.5 mm (4.53 x 2.46 x 0.49 in),135 g (4.76 oz),Mini-SIM,Acer UI 3.0,"TFT capacitive touchscreen, 256K colors","3.5 inches, 34.9 cm2 (~48.5% screen-to-body ratio)","480 x 800 pixels, 5:3 ratio (~267 ppi density)",Android 1.6 (Donut),Qualcomm QSD8250 Snapdragon S1,768 MHz Scorpion,"microSD, up to 32 GB (dedicated slot)","256 MB RAM, 512 MB","5 MP, AF",480p@20fps,,,Yes,Yes,Wi-Fi 802.11 b/g,"2.0, A2DP","Yes, with A-GPS",No,miniUSB,"Accelerometer, proximity",No,Up to 5 h,"Black, White, Red",About 90 EUR,HSDPA 900 / 1900 / 2100,,HSPA 7.2/2 Mbps,Adreno 200,,Removable Li-Ion 1350 mAh battery,,Up to 400 h,,,Photo,Voice 72dB / Noise 72dB / Ring 83dB,Noise -82.3dB / Crosstalk -80.3dB,,,,,,,1.11 W/kg (head)     0.35 W/kg (body),HTML,
acer,Acer neoTouch,https://cdn2.gsmarena.com/vv/bigpic/acer-neo-touch-new.jpg,GSM / HSPA,GSM 850 / 900 / 1800 / 1900,Class 10,Class 10,"2009, October. Released 2009, October",Discontinued,118.6 x 63 x 12 mm (4.67 x 2.48 x 0.47 in),130 g (4.59 oz),Mini-SIM,Acer UI 3.0,"TFT resistive touchscreen, 65K colors","3.8 inches, 41.1 cm2 (~55.0% screen-to-body ratio)","480 x 800 pixels, 5:3 ratio (~246 ppi density)",Microsoft Windows Mobile 6.5 Professional,Qualcomm QSD8250 Snapdragon S1,1.0 GHz Scorpion,"microSD, up to 32 GB (dedicated slot)","256 MB RAM, 512 MB ROM","5 MP, AF",480p,,,Yes,Yes,Wi-Fi 802.11 b/g,"2.1, A2DP","Yes, with A-GPS","Stereo FM radio, RDS",miniUSB,"Accelerometer, proximity",,Up to 5 h,Black,About 210 EUR,HSDPA 900 / 1900 / 2100,,HSPA 7.2/5.76 Mbps,Adreno 200,LED flash,Removable Li-Po 1350 mAh battery,,Up to 400 h,,,Photo,Voice 58dB / Noise 59dB / Ring 69dB,Noise -84.1dB / Crosstalk -81.8dB,,,,,,,1.23 W/kg (head)     0.72 W/kg (body),HTML,
acer,Acer beTouch E200,https://cdn2.gsmarena.com/vv/bigpic/acer-be-touch-e200.jpg,GSM / HSPA,GSM 850 / 900 / 1800 / 1900,Class 10,Class 10,"2009, October. Released 2009, October",Discontinued,110 x 53.5 x 15.4 mm (4.33 x 2.11 x 0.61 in),146 g (5.15 oz),Mini-SIM,,"TFT, 65K colors","3.0 inches, 25.6 cm2 (~43.5% screen-to-body ratio)","240 x 400 pixels, 5:3 ratio (~155 ppi density)",Microsoft Windows Mobile 6.5 Professional,Qualcomm MSM7225 Snapdragon S1,528 MHz ARM 11,microSD (dedicated slot),"256 MB RAM, 512 MB ROM",3.15 MP,Yes,,,Yes,No,No,"2.0, A2DP","Yes, with A-GPS",No,miniUSB,,MP3/WAV/WMA/eAAC+ player MP4/WMV/H.264 player Pocket Office  Voice memo Predictive text input,Up to 5 h,"Black, White",About 190 EUR,HSDPA 900 / 2100,,HSPA 3.6/0.384 Mbps,No,,Removable Li-Ion 1140 mAh battery,,Up to 400 h,,,,,,,,,,,,,HTML,
acer,Acer beTouch E100,https://cdn2.gsmarena.com/vv/bigpic/acer-be-touch-e100.jpg,GSM / HSPA,GSM 850 / 900 / 1800 / 1900,Class 10,Class 10,"2009, October. Released 2009, October",Discontinued,113 x 56 x 12.8 mm (4.45 x 2.20 x 0.50 in),118 g (4.16 oz),Mini-SIM,HSDPA 900 / 1900 / 2100,"TFT resistive touchscreen, 65K colors","3.2 inches, 29.1 cm2 (~46.1% screen-to-body ratio)","240 x 400 pixels, 5:3 ratio (~146 ppi density)",Microsoft Windows Mobile 6.5 Professional,Qualcomm MSM7225 Snapdragon S1,528 MHz ARM 11,microSD (dedicated slot),"256 MB RAM, 512 MB ROM",2 MP,320p,,,Yes,No,No,"2.0, A2DP","Yes, with A-GPS",No,miniUSB,,Acer UI 3.0 Scroll Wheel,Up to 5 h,Black,About 180 EUR,HSDPA 850 / 1900 / 2100,,HSPA 7.2/5.76 Mbps,No,,Removable Li-Ion 1140 mAh battery,,Up to 400 h,,,,,,,,,,,,0.69 W/kg (head)     0.80 W/kg (body),HTML,
acer,Acer beTouch E101,https://cdn2.gsmarena.com/vv/bigpic/acer-be-touch-e101.jpg,GSM,GSM 850 / 900 / 1800 / 1900,Class 10,Class 10,"2009, October. Released 2009, October",Discontinued,113 x 56 x 12.8 mm (4.45 x 2.20 x 0.50 in),118 g (4.16 oz),Mini-SIM,Scroll Wheel,"TFT resistive touchscreen, 65K colors","3.2 inches, 29.1 cm2 (~46.1% screen-to-body ratio)","240 x 400 pixels, 5:3 ratio (~146 ppi density)",Microsoft Windows Mobile 6.5 Professional,Qualcomm MSM7225 Snapdragon S1,528 MHz ARM 11,microSD (dedicated slot),"256 MB RAM, 512 MB ROM",2 MP,Yes,,,Yes,No,No,"2.0, A2DP","Yes, with A-GPS",No,miniUSB,,,Up to 5 h,Black,About 170 EUR,,,,No,,Removable Li-Ion 1140 mAh battery,,Up to 400 h,,,,,,,,,,,,0.34 W/kg (head)     0.79 W/kg (body),HTML,
acer,Acer DX650,https://cdn2.gsmarena.com/vv/bigpic/acer-dx650.jpg,GSM,GSM 900 / 1800 / 1900,Class 10,Class 10,"2009, June. Released 2009, June",Discontinued,109.6 x 59 x 15.6 mm (4.31 x 2.32 x 0.61 in),133 g (4.69 oz),Mini-SIM,"Secondary 1.27"" OLED display (128 x 96 pixel resolution) Handwriting recognition","TFT resistive touchscreen, 65K colors","2.8 inches, 24.3 cm2 (~37.5% screen-to-body ratio)","240 x 320 pixels, 4:3 ratio (~143 ppi density)",Microsoft Windows Mobile 6.1 Professional,,Samsung S3C 6410 533 MHz,microSD (dedicated slot),,2 MP,No,,,Yes,No,Wi-Fi 802.11 b/g,"2.0, A2DP","Yes, SiRF Star III chipset",FM radio,miniUSB,Accelerometer,No,Up to 4 h,Black,About 150 EUR,,,,,,Removable Li-Ion 1260 mAh battery,,Up to 150 h,,,,,,,,,,,,,HTML,
acer,Acer M900,https://cdn2.gsmarena.com/vv/bigpic/acer-m900.jpg,GSM / HSPA,GSM 850 / 900 / 1800 / 1900,Class 10,Class 10,"2009, February. Released 2009, June",Discontinued,119 x 62 x 17.1 mm (4.69 x 2.44 x 0.67 in),188 g (6.63 oz),Mini-SIM,Widget-based UI Handwriting recognition,"TFT resistive touchscreen, 65K colors","3.8 inches, 41.1 cm2 (~55.7% screen-to-body ratio)","480 x 800 pixels, 5:3 ratio (~246 ppi density)",Microsoft Windows Mobile 6.1 Professional,,533 MHz Samsung S3C 6410,microSD (dedicated slot),,"5 MP, AF",Yes,VGA videocall camera,,Yes,No,Wi-Fi 802.11 b/g,"2.0, A2DP","Yes, SiRF Star III chipset",FM radio,miniUSB,Fingerprint (front-mounted),Pocket Office  Voice memo MP3 player Predictive text input,Up to 4 h,Black,About 250 EUR,HSDPA 850 / 1900 / 2100,,HSPA 7.2/2 Mbps,,LED flash,Removable Li-Ion 1530 mAh battery,,Up to 470 h,,,,,,,,,,,,0.43 W/kg (head)     0.92 W/kg (body),HTML,QWERTY
acer,Acer F900,https://cdn2.gsmarena.com/vv/bigpic/acer-f900.jpg,GSM / HSPA,GSM 850 / 900 / 1800 / 1900,Class 10,Class 10,"2009, February. Released 2009, June",Discontinued,117.5 x 63.5 x 15.8 mm (4.63 x 2.5 x 0.62 in),150 g (5.29 oz),Mini-SIM,Widget-based UI Handwriting recognition,"TFT resistive touchscreen, 65K colors","3.8 inches, 41.1 cm2 (~55.1% screen-to-body ratio)","480 x 800 pixels, 5:3 ratio (~246 ppi density)",Microsoft Windows Mobile 6.1 Professional,,533 MHz Samsung S3C 6410,microSD (dedicated slot),"128 MB RAM, 256 MB ROM","3.15 MP, AF",480p,,,Yes,No,Wi-Fi 802.11 b/g,"2.0, A2DP","Yes, SiRF Star III chipset","Stereo FM radio, RDS",miniUSB 2.0,Accelerometer,No,Up to 4 h,Black,About 210 EUR,HSDPA 850 / 1900 / 2100,,HSPA 7.2/2 Mbps,,LED flash,Removable Li-Ion 1530 mAh battery,,Up to 150 h,,,,,,,,,,,,0.59 W/kg (head)     0.82 W/kg (body),HTML,
acer,Acer X960,https://cdn2.gsmarena.com/vv/bigpic/acer-x960.jpg,GSM / UMTS,GSM 850 / 900 / 1800 / 1900,Class 10,Class 10,"2009, February. Released 2009, April",Discontinued,106.4 x 59 x 13.7 mm (4.19 x 2.32 x 0.54 in),131.5 g (4.62 oz),Mini-SIM,Widget-based UI Handwriting recognition,"TFT resistive touchscreen, 65K colors","2.8 inches, 24.3 cm2 (~38.7% screen-to-body ratio)","480 x 640 pixels, 4:3 ratio (~286 ppi density)",Microsoft Windows Mobile 6.1 Professional,,533 MHz Samsung S3C 6410,"microSD, up to 8 GB (dedicated slot)","128 MB RAM, 256 MB ROM","3.15 MP, AF",Yes,VGA,,Yes,No,Wi-Fi 802.11 b/g,"2.0, A2DP, EDR","Yes, SiRF Star III chipset",No,miniUSB,,MP4/MP3/WMA/WMV player Document viewer Photo viewer Voice memo Predictive text input,Up to 4 h 40 min,Black,About 270 EUR,UMTS 850 / 1900 / 2100,,HSPA 7.2/2 Mbps,,LED flash,Removable Li-Po 1530 mAh battery,,Up to 245 h,,,,,,,,,,1.32 W/kg (head),,,HTML,
acer,Acer DX900,https://cdn2.gsmarena.com/vv/bigpic/acer-dx900.jpg,GSM / HSPA,GSM 850 / 900 / 1800 / 1900 - SIM 1,Class 10,Class 10,"2009, February. Released 2009, April",Discontinued,106 x 60.5 x 17 mm (4.17 x 2.38 x 0.67 in),147 g (5.19 oz),Dual SIM (Mini-SIM),GSM 900 / 1800 / 1900 - SIM 2,"TFT resistive touchscreen, 65K colors","2.8 inches, 24.3 cm2 (~37.9% screen-to-body ratio)","480 x 640 pixels, 4:3 ratio (~286 ppi density)",Microsoft Windows Mobile 6.1 Professional,,533 MHz Samsung S3C 6410,microSD (dedicated slot),"128 MB RAM, 256 MB ROM","3.15 MP, AF",Yes,VGA videocall camera,,Yes,No,Wi-Fi 802.11 b/g,"2.0, A2DP","Yes, SiRF Star III chipset",No,miniUSB,Accelerometer,Widget-based UI Handwriting recognition,Up to10 h,Black,About 90 EUR,HSDPA 850 / 1900 / 2100 - SIM 1,,HSPA 7.2/0.384 Mbps,,LED flash,Removable Li-Po 1530 mAh battery,,Up to 150 h,,,,,,,,,,,,,HTML,
